# DigitalOscilloscope capture
# format_version=2
# fs_hz=80000000.0
# n_bits=14
# timestamp=2026-08-30T19:38:45+00:00
# capture_name=dbg_constraints
# decim_factor=1
# requested_decim_factor=1
# capture_depth=8192
# pretrigger_samples=0
# actual_seconds_per_div=1.024e-05
# requested_seconds_per_div=1e-05
# ui_mode=advanced
# voltage_display_mode=raw_adc_codes
# trigger_mode=off
# trigger_source=1
# trigger_level_pct=50.0000
# adc_format=Offset Binary
# calibration_schema_version=3
# frame_sequence=544
# firmware_status_timestamp=2026-08-30T19:36:52+00:00
# software_git_commit=be69198
# software_git_dirty=true
# firmware_depth=8192
# firmware_pretrigger=0
# firmware_decim=1
# firmware_trigger=off
# firmware_mock=0
# firmware_fpga_status=0x03
# firmware_ready=1
# firmware_overflow=1
# firmware_prehistory=0
# firmware_armed=0
# firmware_ctrl=0x0001
# firmware_sample_cfg=0x000D
# firmware_afe_ch1_gain_pct=50.00
# firmware_afe_ch1_offset_pct=50.00
# firmware_afe_ch1_atten=1:1
# firmware_afe_ch1_coupling=dc
# firmware_afe_ch1_range_vpp=2
# firmware_afe_ch2_gain_pct=50.00
# firmware_afe_ch2_offset_pct=50.00
# firmware_afe_ch2_atten=1:1
# firmware_afe_ch2_coupling=dc
# firmware_afe_ch2_range_vpp=2
# firmware_afe_trigger_source=1
# firmware_afe_trigger_level_pct=50.00
# firmware_afe_trigger_level_mv=1500
# firmware_ch1_to_adc2=0
# fpga_build=0x89
# fpga_version=0x08
# channel_enabled_ch1=false
# attenuation_ch1=1:1
# coupling_ch1=dc
# gain_pct_ch1=50.0000
# afe_offset_pct_ch1=50.0000
# calibration_profile_ch1=ch1_1to1_2vpp
# normal_requested_volts_per_div_ch1=0.02
# calibration_volts_per_code_ch1=1.78730497791e-05
# calibrated_volts_per_div_ch1=0.0366040059476
# displayed_volts_per_div_ch1=raw_adc_codes
# channel_enabled_ch2=true
# attenuation_ch2=1:1
# coupling_ch2=dc
# gain_pct_ch2=50.0000
# afe_offset_pct_ch2=50.0000
# calibration_profile_ch2=ch2_1to1_2vpp
# normal_requested_volts_per_div_ch2=0.02
# calibration_volts_per_code_ch2=1.79058302809e-05
# calibrated_volts_per_div_ch2=0.0366711404153
# displayed_volts_per_div_ch2=raw_adc_codes
# measurement_type=manual
index,ch1_raw,ch2_raw
0,8371,13035
1,8300,10343
2,8222,7667
3,8128,4767
4,8001,2505
5,8106,1144
6,8122,838
7,8216,1548
8,8106,3520
9,8308,6259
10,8260,9039
11,8336,11673
12,8305,14038
13,8410,15486
14,8460,15884
15,8397,14748
16,8437,13062
17,8273,10458
18,8158,7592
19,8115,4639
20,8123,2646
21,8116,1253
22,8085,807
23,8097,1605
24,8164,3649
25,8212,6211
26,8292,9041
27,8361,11790
28,8409,14209
29,8429,15380
30,8413,15781
31,8305,14814
32,8318,13205
33,8277,10368
34,8222,7658
35,8198,4689
36,8096,2534
37,8093,1110
38,8080,890
39,8140,1841
40,8184,3586
41,8290,6109
42,8284,9107
43,8294,11758
44,8356,14171
45,8456,15587
46,8366,15676
47,8478,15172
48,8365,13036
49,8302,10470
50,8211,7570
51,8129,4685
52,8078,2624
53,8028,1154
54,8084,997
55,8173,1585
56,8180,3574
57,8326,6157
58,8347,8988
59,8274,11782
60,8309,14163
61,8387,15513
62,8374,15784
63,8441,14905
64,8348,12942
65,8307,10462
66,8181,7570
67,8201,4802
68,8060,2581
69,8081,1216
70,8103,882
71,8102,1794
72,8175,3724
73,8300,6083
74,8300,8875
75,8279,11867
76,8388,14134
77,8417,15390
78,8340,15851
79,8380,15126
80,8336,13046
81,8217,10266
82,8296,7737
83,8155,4726
84,8118,2691
85,8059,1243
86,8081,889
87,8134,1641
88,8262,3630
89,8250,6286
90,8301,9024
91,8338,12007
92,8390,14037
93,8469,15464
94,8363,15642
95,8303,14852
96,8315,13119
97,8288,10570
98,8279,7656
99,8114,4659
100,8167,2612
101,8118,1158
102,8066,854
103,8137,1695
104,8078,3597
105,8206,6011
106,8340,9126
107,8381,11844
108,8478,14099
109,8396,15469
110,8394,15654
111,8289,14967
112,8228,13045
113,8174,10404
114,8296,7758
115,8308,4839
116,8222,2560
117,8075,1105
118,8052,913
119,8046,1770
120,8058,3546
121,8157,6080
122,8263,8921
123,8475,12073
124,8507,14280
125,8481,15567
126,8312,15707
127,8301,14986
128,8371,12971
129,8222,10395
130,8156,7625
131,8195,4749
132,8155,2508
133,8134,1273
134,8074,882
135,8138,1531
136,8137,3709
137,8263,6212
138,8263,9110
139,8428,11764
140,8443,14107
141,8359,15432
142,8360,15743
143,8346,14852
144,8346,13166
145,8260,10510
146,8127,7537
147,8191,4755
148,8186,2600
149,8144,1124
150,8032,882
151,8166,1758
152,8052,3542
153,8178,6289
154,8253,8906
155,8397,11837
156,8474,14110
157,8423,15538
158,8354,15633
159,8316,14888
160,8296,13053
161,8291,10469
162,8186,7659
163,8190,4910
164,8146,2530
165,8051,1184
166,8089,951
167,8140,1670
168,8133,3547
169,8225,6190
170,8287,9038
171,8372,11858
172,8444,14094
173,8458,15481
174,8358,15688
175,8316,14804
176,8294,13062
177,8197,10619
178,8194,7652
179,8280,4813
180,8195,2559
181,8107,1206
182,8086,903
183,8049,1669
184,8123,3617
185,8116,6069
186,8271,9144
187,8365,11837
188,8444,14196
189,8443,15646
190,8385,15631
191,8407,15155
192,8424,13143
193,8269,10288
194,8178,7634
195,8049,4731
196,8140,2534
197,8089,1182
198,8150,889
199,8134,1707
200,8170,3632
201,8155,6187
202,8295,9074
203,8353,11902
204,8443,14071
205,8419,15550
206,8393,15742
207,8311,14696
208,8383,13265
209,8230,10419
210,8172,7601
211,8171,4731
212,8152,2479
213,8076,1102
214,8032,1014
215,8175,1579
216,8222,3617
217,8232,6188
218,8248,9082
219,8372,11797
220,8369,14128
221,8398,15475
222,8355,15829
223,8417,14960
224,8341,13003
225,8280,10487
226,8234,7581
227,8278,4661
228,8122,2322
229,8068,1070
230,7998,864
231,8094,1665
232,8169,3616
233,8236,6133
234,8363,9076
235,8427,11810
236,8432,14110
237,8373,15556
238,8364,15804
239,8361,15107
240,8360,13123
241,8223,10343
242,8202,7673
243,8157,4668
244,8198,2699
245,8116,1167
246,8077,783
247,8033,1617
248,8129,3691
249,8187,6409
250,8340,9123
251,8357,11946
252,8438,14070
253,8423,15537
254,8409,15640
255,8298,14896
256,8296,13293
257,8306,10662
258,8239,7460
259,8218,4836
260,8108,2404
261,8156,1178
262,8059,838
263,8059,1632
264,8129,3591
265,8203,6120
266,8354,9125
267,8368,11840
268,8412,14088
269,8393,15422
270,8440,15780
271,8380,15092
272,8301,13059
273,8165,10417
274,8172,7677
275,8228,4757
276,8169,2627
277,8108,1199
278,8131,937
279,8193,1687
280,8143,3605
281,8144,6024
282,8248,9185
283,8333,11819
284,8422,14169
285,8409,15385
286,8441,15823
287,8365,15043
288,8308,13185
289,8271,10459
290,8217,7725
291,8159,4689
292,8081,2570
293,8146,1231
294,8094,1012
295,8151,1790
296,8074,3420
297,8213,6235
298,8263,9079
299,8404,11867
300,8427,14140
301,8370,15574
302,8470,15786
303,8286,14770
304,8352,13166
305,8168,10480
306,8208,7732
307,8112,4743
308,8146,2664
309,8127,1225
310,8199,932
311,8120,1692
312,8137,3537
313,8184,6295
314,8261,8914
315,8324,11940
316,8473,14230
317,8388,15502
318,8462,15774
319,8344,14783
320,8323,13021
321,8210,10589
322,8143,7506
323,8138,4709
324,8166,2586
325,8079,1137
326,8090,936
327,8086,1565
328,8204,3767
329,8227,6089
330,8316,9079
331,8308,11794
332,8325,14274
333,8367,15462
334,8496,15881
335,8420,14989
336,8303,12902
337,8262,10455
338,8285,7671
339,8238,4623
340,8124,2555
341,8105,1307
342,8082,884
343,8140,1699
344,8037,3571
345,8164,5974
346,8256,9091
347,8393,11934
348,8426,14190
349,8482,15598
350,8405,15724
351,8385,14946
352,8313,13134
353,8212,10532
354,8180,7531
355,8126,4810
356,8064,2514
357,8172,1194
358,8139,859
359,8159,1616
360,8129,3708
361,8228,6128
362,8318,9127
363,8353,11810
364,8346,14062
365,8359,15403
366,8410,15681
367,8388,15201
368,8267,13055
369,8352,10527
370,8268,7561
371,8220,4764
372,8093,2597
373,8131,1281
374,8084,870
375,8102,1624
376,8158,3671
377,8194,6102
378,8286,9143
379,8422,11995
380,8446,14069
381,8447,15496
382,8348,15640
383,8395,15148
384,8266,13093
385,8287,10446
386,8200,7538
387,8193,4707
388,8148,2618
389,8199,1201
390,8144,770
391,8030,1706
392,8076,3579
393,8148,6208
394,8234,8969
395,8386,11974
396,8441,14117
397,8474,15478
398,8429,15800
399,8333,14701
400,8360,13324
401,8270,10529
402,8108,7427
403,8142,4727
404,8136,2535
405,8182,1004
406,8156,798
407,8127,1698
408,8117,3633
409,8212,6061
410,8289,9065
411,8307,11862
412,8395,14084
413,8456,15492
414,8451,15637
415,8448,15196
416,8406,13128
417,8208,10282
418,8229,7685
419,8168,4795
420,8138,2514
421,8088,1159
422,8042,891
423,8048,1592
424,8173,3722
425,8261,6146
426,8323,9075
427,8308,11724
428,8441,14119
429,8332,15394
430,8400,15830
431,8404,14804
432,8376,13037
433,8213,10546
434,8124,7609
435,8199,4762
436,8085,2469
437,8104,1211
438,8046,837
439,8125,1731
440,8170,3631
441,8280,6297
442,8238,9060
443,8363,11844
444,8356,14057
445,8344,15456
446,8432,15767
447,8379,14889
448,8395,13154
449,8279,10387
450,8230,7650
451,8093,4738
452,8079,2588
453,8085,1174
454,8164,937
455,8163,1677
456,8245,3595
457,8210,6342
458,8259,8921
459,8258,11857
460,8460,14145
461,8411,15637
462,8375,15538
463,8384,14987
464,8442,13126
465,8323,10443
466,8211,7591
467,8024,4750
468,8033,2525
469,8154,1291
470,8108,887
471,8184,1753
472,8196,3611
473,8261,6063
474,8219,9188
475,8317,11759
476,8410,14104
477,8360,15505
478,8451,15734
479,8395,14950
480,8347,12929
481,8293,10529
482,8303,7712
483,8177,4828
484,8177,2523
485,7987,1075
486,7880,906
487,7936,1706
488,8085,3579
489,8237,6243
490,8413,9095
491,8547,11672
492,8633,14293
493,8510,15547
494,8293,15651
495,8194,14751
496,8179,13145
497,8212,10589
498,8187,7589
499,8302,4744
500,8320,2496
501,8264,1217
502,8057,939
503,8067,1664
504,8115,3746
505,8215,6118
506,8290,9178
507,8440,11718
508,8442,14176
509,8507,15438
510,8313,15729
511,8338,15000
512,8300,13173
513,8208,10428
514,8147,7630
515,8183,4663
516,8270,2589
517,8289,1262
518,8193,937
519,8050,1561
520,8014,3704
521,8073,6105
522,8264,9057
523,8300,11866
524,8416,14115
525,8381,15346
526,8422,15840
527,8401,14895
528,8408,13001
529,8233,10510
530,8162,7573
531,8045,4780
532,8120,2552
533,8039,1161
534,8149,965
535,8149,1776
536,8249,3675
537,8208,6162
538,8222,8994
539,8358,11905
540,8397,14139
541,8406,15407
542,8432,15617
543,8420,14907
544,8367,13183
545,8340,10605
546,8200,7500
547,8134,4610
548,8071,2540
549,8170,1251
550,8178,864
551,8129,1613
552,8210,3620
553,8255,6181
554,8238,9092
555,8329,11788
556,8327,14013
557,8410,15562
558,8440,15850
559,8392,14914
560,8430,13340
561,8275,10489
562,8198,7595
563,8053,4758
564,8021,2549
565,8079,1190
566,8125,845
567,8122,1653
568,8217,3587
569,8155,6337
570,8205,9027
571,8363,11888
572,8347,13981
573,8434,15484
574,8395,15676
575,8441,14981
576,8414,13154
577,8253,10564
578,8136,7473
579,8110,4795
580,8097,2484
581,8096,1187
582,8180,854
583,8166,1781
584,8270,3576
585,8236,6123
586,8229,9123
587,8308,11795
588,8378,14043
589,8395,15539
590,8433,15804
591,8438,14908
592,8352,12975
593,8212,10299
594,8241,7723
595,8197,4730
596,8078,2556
597,8152,1069
598,8117,873
599,8141,1536
600,8102,3596
601,8198,6200
602,8260,9079
603,8296,11839
604,8342,14138
605,8415,15500
606,8444,15817
607,8401,14887
608,8301,13008
609,8213,10421
610,8111,7604
611,8086,4849
612,8154,2651
613,8142,1202
614,8163,956
615,8143,1623
616,8200,3678
617,8148,5989
618,8231,9064
619,8329,11905
620,8349,14196
621,8422,15333
622,8448,15832
623,8403,15025
624,8327,13069
625,8256,10505
626,8224,7499
627,8256,4929
628,8157,2492
629,8013,1165
630,8096,889
631,8129,1655
632,8161,3539
633,8204,6230
634,8233,9179
635,8412,11835
636,8454,14058
637,8420,15529
638,8388,15782
639,8396,14852
640,8278,12971
641,8206,10412
642,8245,7733
643,8173,4810
644,8060,2549
645,8064,1137
646,8044,899
647,8144,1734
648,8074,3502
649,8238,6342
650,8249,8914
651,8468,11971
652,8450,14170
653,8372,15532
654,8410,15730
655,8352,14877
656,8229,12923
657,8210,10539
658,8232,7669
659,8113,4750
660,8112,2526
661,8125,1192
662,8148,834
663,8158,1662
664,8184,3706
665,8201,6323
666,8300,8979
667,8377,12003
668,8425,14062
669,8428,15575
670,8366,15604
671,8394,14921
672,8356,13159
673,8197,10408
674,8202,7567
675,8168,4769
676,8141,2567
677,8065,1109
678,8109,908
679,8067,1684
680,8099,3601
681,8207,6324
682,8251,8940
683,8390,11836
684,8399,14196
685,8420,15510
686,8337,15595
687,8395,14936
688,8276,13030
689,8280,10550
690,8261,7547
691,8199,4706
692,8036,2438
693,8151,1214
694,8090,852
695,8104,1678
696,8150,3621
697,8252,6146
698,8298,9009
699,8308,11925
700,8417,14076
701,8418,15610
702,8406,15654
703,8396,14842
704,8393,13185
705,8239,10430
706,8246,7559
707,8182,4634
708,8103,2512
709,8104,1245
710,8088,878
711,8098,1457
712,8104,3580
713,8226,6265
714,8327,9161
715,8431,11730
716,8414,14038
717,8413,15536
718,8374,15751
719,8329,14718
720,8296,13062
721,8241,10418
722,8210,7527
723,8138,4687
724,8136,2622
725,8206,1221
726,8119,818
727,8030,1730
728,8097,3505
729,8256,6255
730,8284,9021
731,8391,11863
732,8358,14174
733,8418,15573
734,8417,15832
735,8393,14832
736,8331,13132
737,8293,10486
738,8209,7624
739,8165,4779
740,8088,2599
741,8120,1162
742,8134,801
743,8103,1639
744,8096,3610
745,8237,6238
746,8265,8854
747,8333,11824
748,8507,14186
749,8416,15498
750,8373,15711
751,8315,14850
752,8323,13113
753,8246,10436
754,8168,7598
755,8180,4850
756,8086,2444
757,8140,1138
758,8140,933
759,8117,1616
760,8165,3658
761,8148,6119
762,8224,8933
763,8371,11893
764,8417,14109
765,8367,15444
766,8423,15713
767,8348,15116
768,8353,13053
769,8215,10423
770,8228,7577
771,8149,4707
772,8131,2501
773,8104,1234
774,8061,909
775,8094,1582
776,8192,3654
777,8265,6355
778,8335,9069
779,8350,11792
780,8309,14074
781,8390,15416
782,8429,15693
783,8388,14926
784,8343,13044
785,8290,10493
786,8158,7491
787,8178,4715
788,8092,2423
789,8155,1203
790,8041,839
791,8172,1668
792,8125,3571
793,8187,6154
794,8290,9062
795,8334,11925
796,8444,14125
797,8441,15509
798,8285,15746
799,8301,14752
800,8386,13330
801,8355,10565
802,8131,7443
803,8084,4782
804,8084,2520
805,8176,1280
806,8175,744
807,8087,1654
808,8160,3618
809,8233,6080
810,8299,9098
811,8300,11847
812,8449,14180
813,8409,15282
814,8477,15818
815,8340,14961
816,8303,13017
817,8240,10346
818,8230,7532
819,8128,4735
820,8154,2481
821,8150,1073
822,8141,971
823,8069,1515
824,8189,3653
825,8248,6154
826,8238,9042
827,8282,11773
828,8378,14184
829,8448,15424
830,8389,15712
831,8380,14961
832,8376,13133
833,8273,10402
834,8195,7632
835,8179,4712
836,8130,2551
837,8080,1057
838,8043,929
839,8105,1759
840,8243,3642
841,8268,6110
842,8379,9037
843,8298,11833
844,8354,14146
845,8394,15474
846,8352,15602
847,8403,15199
848,8345,12958
849,8327,10472
850,8293,7665
851,8196,4724
852,8057,2508
853,7969,1114
854,8005,940
855,8147,1725
856,8237,3657
857,8296,5947
858,8218,9140
859,8365,11774
860,8439,14181
861,8352,15392
862,8342,15730
863,8365,14984
864,8307,13101
865,8277,10458
866,8239,7511
867,8193,4683
868,8131,2578
869,8122,1204
870,8057,868
871,8107,1670
872,8166,3553
873,8265,6119
874,8312,9164
875,8312,11856
876,8346,14145
877,8452,15501
878,8446,15836
879,8379,14830
880,8290,12933
881,8248,10433
882,8219,7675
883,8207,4779
884,8126,2598
885,8067,1098
886,8139,854
887,8120,1637
888,8135,3629
889,8198,6067
890,8244,8931
891,8398,11920
892,8437,14203
893,8355,15378
894,8373,15829
895,8380,15177
896,8305,13076
897,8260,10547
898,8109,7459
899,8206,4625
900,8073,2539
901,8146,1221
902,8088,901
903,8206,1657
904,8190,3610
905,8222,6091
906,8234,9096
907,8245,11716
908,8322,14120
909,8457,15389
910,8431,15746
911,8465,15111
912,8436,13196
913,8240,10293
914,8241,7678
915,8113,4641
916,8075,2647
917,8007,1081
918,8108,1071
919,8123,1559
920,8213,3659
921,8250,6085
922,8385,9058
923,8397,11735
924,8376,14004
925,8220,15448
926,8310,15793
927,8435,15171
928,8497,13160
929,8389,10466
930,8238,7565
931,8089,4707
932,8057,2709
933,8006,1178
934,8104,864
935,8243,1758
936,8302,3544
937,8225,6273
938,8237,9079
939,8376,11804
940,8346,14057
941,8291,15433
942,8414,15833
943,8402,14833
944,8425,13040
945,8257,10440
946,8161,7650
947,8163,4781
948,8156,2626
949,8117,1198
950,8106,954
951,8180,1624
952,8165,3641
953,8206,6060
954,8210,8842
955,8249,11859
956,8438,14249
957,8436,15501
958,8452,15748
959,8452,15116
960,8298,13006
961,8154,10362
962,8164,7714
963,8158,4710
964,8198,2634
965,8147,1165
966,8106,841
967,8078,1555
968,8151,3685
969,8176,6135
970,8286,8923
971,8350,11979
972,8512,14147
973,8420,15490
974,8382,15578
975,8346,15090
976,8283,13043
977,8250,10471
978,8336,7642
979,8208,4742
980,8087,2476
981,8062,1166
982,8086,860
983,8127,1569
984,8188,3607
985,8216,6116
986,8300,9233
987,8370,11750
988,8420,14057
989,8365,15463
990,8379,15779
991,8383,15036
992,8380,12977
993,8261,10500
994,8233,7643
995,8138,4562
996,8051,2570
997,8055,1145
998,8057,853
999,8206,1764
1000,8204,3628
1001,8239,6089
1002,8132,9010
1003,8324,11799
1004,8382,14080
1005,8488,15622
1006,8433,15727
1007,8413,14843
1008,8319,12955
1009,8240,10435
1010,8129,7591
1011,8121,4726
1012,8106,2494
1013,8202,1130
1014,8152,857
1015,8156,1528
1016,8214,3768
1017,8176,6014
1018,8323,9073
1019,8301,11719
1020,8353,14142
1021,8396,15503
1022,8414,15757
1023,8411,14932
1024,8400,12968
1025,8263,10496
1026,8221,7514
1027,8110,4735
1028,8065,2551
1029,8054,1180
1030,8157,943
1031,8222,1801
1032,8202,3534
1033,8252,6060
1034,8233,8987
1035,8267,11774
1036,8310,14083
1037,8389,15516
1038,8474,15791
1039,8389,14917
1040,8345,12950
1041,8297,10503
1042,8169,7483
1043,8146,4877
1044,8057,2556
1045,8146,1266
1046,8094,898
1047,8203,1678
1048,8162,3619
1049,8199,6166
1050,8243,9141
1051,8348,11746
1052,8364,14105
1053,8446,15529
1054,8412,15612
1055,8333,14724
1056,8281,13167
1057,8252,10483
1058,8220,7695
1059,8149,4719
1060,8166,2489
1061,8180,1191
1062,8120,773
1063,8103,1633
1064,8050,3444
1065,8248,6378
1066,8373,9096
1067,8319,11785
1068,8391,14030
1069,8477,15619
1070,8405,15753
1071,8303,14855
1072,8299,13082
1073,8267,10314
1074,8318,7661
1075,8156,4616
1076,8087,2634
1077,8088,1121
1078,8117,853
1079,8079,1603
1080,8092,3609
1081,8246,6275
1082,8310,9039
1083,8410,11903
1084,8357,14040
1085,8484,15434
1086,8378,15641
1087,8365,14938
1088,8265,13065
1089,8264,10458
1090,8297,7574
1091,8225,4586
1092,8087,2523
1093,8108,1204
1094,8104,928
1095,8097,1573
1096,8093,3595
1097,8203,6091
1098,8272,9110
1099,8406,11773
1100,8422,14137
1101,8426,15426
1102,8388,15681
1103,8414,15076
1104,8271,13109
1105,8260,10454
1106,8244,7654
1107,8181,4647
1108,8161,2619
1109,8084,1133
1110,8082,897
1111,8091,1605
1112,8084,3526
1113,8233,6354
1114,8422,9069
1115,8428,11733
1116,8426,14146
1117,8378,15510
1118,8437,15850
1119,8323,14937
1120,8298,13122
1121,8250,10518
1122,8207,7566
1123,8128,4711
1124,8112,2508
1125,8213,1032
1126,8172,942
1127,8046,1583
1128,8109,3682
1129,8186,5981
1130,8194,8998
1131,8281,11833
1132,8445,14292
1133,8473,15468
1134,8413,15706
1135,8335,14971
1136,8353,13104
1137,8214,10374
1138,8208,7643
1139,8137,4621
1140,8132,2545
1141,8200,1149
1142,8104,943
1143,8071,1560
1144,8078,3575
1145,8270,6389
1146,8284,9091
1147,8366,11785
1148,8409,14119
1149,8458,15467
1150,8431,15818
1151,8372,14897
1152,8212,13051
1153,8283,10543
1154,8210,7428
1155,8249,4682
1156,8122,2427
1157,8119,1003
1158,8060,763
1159,8107,1767
1160,8183,3600
1161,8174,6282
1162,8313,8953
1163,8348,11986
1164,8450,14032
1165,8467,15482
1166,8364,15588
1167,8402,14997
1168,8275,12949
1169,8270,10449
1170,8219,7700
1171,8135,4656
1172,8155,2614
1173,8048,1174
1174,8092,859
1175,8149,1600
1176,8105,3530
1177,8267,6213
1178,8280,8943
1179,8382,11839
1180,8374,14078
1181,8446,15496
1182,8471,15815
1183,8411,14785
1184,8297,13132
1185,8190,10461
1186,8152,7574
1187,8163,4804
1188,8154,2467
1189,8177,1187
1190,8166,789
1191,8094,1676
1192,8104,3490
1193,8187,6391
1194,8250,8881
1195,8337,12001
1196,8476,14089
1197,8436,15486
1198,8445,15715
1199,8342,14802
1200,8390,13192
1201,8246,10419
1202,8243,7532
1203,8146,4770
1204,8152,2420
1205,8163,1189
1206,8132,993
1207,8056,1467
1208,8060,3551
1209,8185,6163
1210,8298,9005
1211,8405,11893
1212,8451,14210
1213,8331,15439
1214,8348,15694
1215,8359,14809
1216,8417,13354
1217,8272,10421
1218,8226,7613
1219,8134,4649
1220,8110,2562
1221,8014,1128
1222,8015,805
1223,8110,1691
1224,8237,3626
1225,8319,6099
1226,8329,8969
1227,8374,11787
1228,8342,14041
1229,8376,15476
1230,8306,15683
1231,8317,14933
1232,8413,13023
1233,8302,10457
1234,8281,7580
1235,8180,4652
1236,8144,2553
1237,8068,1171
1238,8122,907
1239,8148,1609
1240,8130,3565
1241,8220,6020
1242,8232,8933
1243,8383,11825
1244,8414,14062
1245,8410,15373
1246,8401,15760
1247,8362,15017
1248,8348,13025
1249,8224,10342
1250,8222,7588
1251,8180,4775
1252,8118,2430
1253,8138,1095
1254,8067,762
1255,8097,1581
1256,8139,3576
1257,8184,6121
1258,8273,8966
1259,8453,11820
1260,8481,14109
1261,8379,15321
1262,8350,15770
1263,8270,14989
1264,8286,13019
1265,8319,10440
1266,8303,7606
1267,8189,4765
1268,8181,2462
1269,8183,1206
1270,8054,763
1271,8041,1712
1272,8170,3672
1273,8211,6190
1274,8276,8983
1275,8412,11878
1276,8473,13998
1277,8481,15602
1278,8390,15638
1279,8304,14690
1280,8298,13202
1281,8245,10555
1282,8224,7526
1283,8230,4713
1284,8189,2535
1285,8068,1167
1286,8064,1000
1287,8064,1578
1288,8211,3561
1289,8208,6209
1290,8309,9183
1291,8462,11845
1292,8447,14179
1293,8407,15432
1294,8301,15634
1295,8313,14767
1296,8269,12944
1297,8342,10407
1298,8200,7378
1299,8237,4653
1300,8132,2510
1301,8057,1157
1302,8101,890
1303,8050,1561
1304,8176,3540
1305,8187,6225
1306,8300,9133
1307,8300,11905
1308,8469,14080
1309,8380,15370
1310,8378,15808
1311,8383,14851
1312,8446,13321
1313,8291,10566
1314,8169,7391
1315,8099,4589
1316,8099,2521
1317,8087,1160
1318,8161,793
1319,8202,1644
1320,8222,3571
1321,8232,6129
1322,8206,9053
1323,8257,11716
1324,8380,14082
1325,8437,15452
1326,8382,15691
1327,8427,14970
1328,8405,12961
1329,8283,10441
1330,8132,7527
1331,8092,4711
1332,8116,2516
1333,8181,1199
1334,8138,928
1335,8181,1603
1336,8212,3474
1337,8140,6073
1338,8200,9103
1339,8289,11856
1340,8456,14237
1341,8364,15539
1342,8485,15908
1343,8442,15094
1344,8419,12920
1345,8193,10436
1346,8153,7647
1347,8112,4797
1348,8097,2382
1349,8064,1197
1350,8215,910
1351,8210,1643
1352,8152,3625
1353,8207,5976
1354,8264,9181
1355,8338,11851
1356,8346,14074
1357,8390,15299
1358,8421,15800
1359,8497,14914
1360,8406,13148
1361,8244,10343
1362,8164,7668
1363,8163,4829
1364,8108,2523
1365,8088,1004
1366,8149,969
1367,8115,1560
1368,8252,3689
1369,8267,6243
1370,8339,8986
1371,8272,11787
1372,8293,14149
1373,8365,15302
1374,8458,15761
1375,8510,14932
1376,8386,13033
1377,8289,10490
1378,8226,7537
1379,8146,4777
1380,8092,2517
1381,7994,1101
1382,8125,952
1383,8133,1702
1384,8236,3487
1385,8215,6294
1386,8274,8988
1387,8341,11720
1388,8378,14195
1389,8476,15462
1390,8429,15750
1391,8316,14860
1392,8269,13130
1393,8269,10445
1394,8210,7463
1395,8200,4795
1396,8166,2512
1397,8121,1025
1398,8136,834
1399,8125,1649
1400,8098,3433
1401,8165,6234
1402,8291,9138
1403,8329,11751
1404,8498,14280
1405,8358,15397
1406,8470,15841
1407,8369,14915
1408,8391,13221
1409,8244,10458
1410,8150,7689
1411,8158,4826
1412,8146,2539
1413,8095,1111
1414,8225,1086
1415,8100,1437
1416,8182,3582
1417,8198,6170
1418,8289,9026
1419,8328,11818
1420,8458,14167
1421,8432,15598
1422,8377,15722
1423,8402,14816
1424,8293,12971
1425,8261,10450
1426,8237,7603
1427,8088,4759
1428,8050,2452
1429,8111,1257
1430,8185,904
1431,8221,1614
1432,8138,3572
1433,8140,6055
1434,8184,9046
1435,8418,11978
1436,8390,14081
1437,8442,15328
1438,8528,15931
1439,8406,14868
1440,8247,12969
1441,8236,10481
1442,8165,7628
1443,8089,4744
1444,8134,2444
1445,8149,1069
1446,8142,917
1447,8229,1614
1448,8150,3627
1449,8182,6070
1450,8285,8970
1451,8266,11826
1452,8414,14253
1453,8398,15518
1454,8402,15663
1455,8372,14985
1456,8367,13048
1457,8341,10407
1458,8154,7563
1459,8171,4649
1460,8038,2442
1461,8071,1143
1462,8147,969
1463,8145,1563
1464,8170,3636
1465,8270,6313
1466,8304,9012
1467,8352,11859
1468,8319,14197
1469,8334,15354
1470,8422,15778
1471,8394,14837
1472,8330,13155
1473,8273,10439
1474,8187,7454
1475,8231,4782
1476,8088,2614
1477,8098,1082
1478,8106,792
1479,8040,1626
1480,8118,3692
1481,8264,6150
1482,8287,8907
1483,8413,11803
1484,8443,14188
1485,8389,15313
1486,8339,15686
1487,8412,14873
1488,8293,12952
1489,8273,10269
1490,8254,7645
1491,8258,4848
1492,8089,2368
1493,8092,1074
1494,8064,924
1495,8063,1518
1496,8139,3654
1497,8253,6169
1498,8330,9220
1499,8396,11805
1500,8454,14194
1501,8342,15415
1502,8393,15662
1503,8322,14772
1504,8416,13222
1505,8276,10434
1506,8239,7605
1507,8056,4575
1508,8136,2584
1509,8100,1155
1510,8105,905
1511,8096,1515
1512,8169,3707
1513,8222,6018
1514,8374,9073
1515,8389,11769
1516,8377,14101
1517,8345,15369
1518,8381,15798
1519,8325,15042
1520,8316,13131
1521,8342,10413
1522,8240,7475
1523,8205,4606
1524,8089,2597
1525,8130,1136
1526,8017,801
1527,8117,1651
1528,8100,3481
1529,8318,6283
1530,8258,8953
1531,8399,11825
1532,8326,14015
1533,8411,15364
1534,8383,15886
1535,8310,14827
1536,8407,13175
1537,8333,10374
1538,8299,7593
1539,8086,4655
1540,8025,2444
1541,8068,1319
1542,8144,834
1543,8201,1715
1544,8220,3566
1545,8210,5924
1546,8185,8986
1547,8346,11826
1548,8320,14007
1549,8385,15474
1550,8375,15779
1551,8382,14912
1552,8410,13090
1553,8359,10472
1554,8263,7722
1555,8160,4634
1556,8046,2531
1557,8071,1130
1558,8020,830
1559,8213,1783
1560,8232,3447
1561,8225,5990
1562,8245,8954
1563,8338,11827
1564,8309,14087
1565,8330,15510
1566,8427,15689
1567,8397,14943
1568,8391,12988
1569,8354,10479
1570,8192,7477
1571,8187,4789
1572,8072,2385
1573,8102,1042
1574,8066,926
1575,8104,1528
1576,8100,3506
1577,8188,6278
1578,8389,9051
1579,8374,11870
1580,8462,14098
1581,8388,15435
1582,8360,15663
1583,8253,14819
1584,8371,12971
1585,8258,10443
1586,8313,7614
1587,8183,4755
1588,8156,2419
1589,8020,1096
1590,8033,839
1591,8137,1647
1592,8121,3469
1593,8265,6121
1594,8313,8939
1595,8370,11794
1596,8401,14053
1597,8420,15403
1598,8308,15750
1599,8360,15099
1600,8276,12915
1601,8300,10459
1602,8221,7583
1603,8269,4639
1604,8076,2438
1605,8098,1194
1606,7985,751
1607,8065,1674
1608,8132,3596
1609,8269,6043
1610,8298,9046
1611,8369,11846
1612,8352,14014
1613,8437,15469
1614,8401,15696
1615,8317,14856
1616,8274,12930
1617,8207,10359
1618,8279,7735
1619,8124,4591
1620,8183,2560
1621,8146,1159
1622,8178,902
1623,8141,1716
1624,8093,3501
1625,8140,6059
1626,8253,9213
1627,8359,11857
1628,8444,14147
1629,8507,15497
1630,8462,15654
1631,8417,14995
1632,8242,12954
1633,8201,10325
1634,8083,7687
1635,8194,4794
1636,8230,2501
1637,8184,1083
1638,8065,698
1639,8100,1683
1640,8094,3589
1641,8262,6171
1642,8226,9037
1643,8304,11658
1644,8467,14163
1645,8507,15471
1646,8426,15713
1647,8384,14860
1648,8307,13065
1649,8165,10419
1650,8208,7587
1651,8178,4581
1652,8186,2683
1653,8184,1133
1654,8085,788
1655,8122,1643
1656,8094,3584
1657,8199,6270
1658,8219,8879
1659,8369,11802
1660,8461,14041
1661,8432,15429
1662,8443,15740
1663,8385,14798
1664,8299,13061
1665,8164,10395
1666,8237,7820
1667,8126,4707
1668,8109,2427
1669,8166,1223
1670,8148,842
1671,8096,1497
1672,8068,3481
1673,8133,5927
1674,8263,9077
1675,8381,11838
1676,8404,13954
1677,8419,15514
1678,8436,15728
1679,8373,14850
1680,8347,12994
1681,8178,10371
1682,8190,7767
1683,8213,4874
1684,8177,2461
1685,8069,1074
1686,8166,989
1687,8158,1536
1688,8107,3467
1689,8161,6185
1690,8265,9092
1691,8423,11726
1692,8457,14108
1693,8409,15494
1694,8346,15737
1695,8373,14772
1696,8371,13113
1697,8294,10526
1698,8208,7484
1699,8116,4770
1700,8143,2473
1701,8091,1143
1702,8126,781
1703,8167,1609
1704,8158,3390
1705,8237,6255
1706,8324,9104
1707,8373,11681
1708,8404,14108
1709,8410,15654
1710,8414,15774
1711,8417,14813
1712,8376,13302
1713,8145,10416
1714,8168,7579
1715,8133,4713
1716,8159,2565
1717,8130,1169
1718,8076,794
1719,8181,1888
1720,8205,3565
1721,8243,6181
1722,8173,8850
1723,8343,11870
1724,8336,14040
1725,8315,15413
1726,8441,15786
1727,8355,14818
1728,8425,13079
1729,8308,10392
1730,8289,7758
1731,8132,4711
1732,8114,2627
1733,8130,1150
1734,8106,829
1735,8102,1565
1736,8154,3567
1737,8196,5997
1738,8226,8910
1739,8433,11849
1740,8423,14028
1741,8420,15383
1742,8353,15721
1743,8436,14995
1744,8303,13047
1745,8233,10327
1746,8242,7677
1747,8211,4694
1748,8133,2377
1749,8038,1116
1750,8139,896
1751,8125,1484
1752,8118,3585
1753,8199,6293
1754,8340,9040
1755,8359,11698
1756,8409,14075
1757,8330,15376
1758,8344,15631
1759,8385,14882
1760,8364,13152
1761,8288,10436
1762,8221,7542
1763,8237,4707
1764,8044,2477
1765,8101,1168
1766,8084,838
1767,8124,1662
1768,8070,3524
1769,8225,6071
1770,8250,8940
1771,8415,11934
1772,8433,14041
1773,8387,15445
1774,8418,15776
1775,8410,14958
1776,8346,12936
1777,8264,10375
1778,8219,7563
1779,8205,4594
1780,8149,2712
1781,8082,1102
1782,8045,887
1783,8116,1573
1784,8130,3625
1785,8244,6101
1786,8270,9012
1787,8371,11513
1788,8417,14155
1789,8371,15338
1790,8444,15809
1791,8373,14980
1792,8376,13100
1793,8210,10336
1794,8256,7614
1795,8136,4692
1796,8118,2499
1797,8082,1194
1798,8140,775
1799,8170,1546
1800,8209,3644
1801,8213,6062
1802,8197,8869
1803,8267,11791
1804,8377,14030
1805,8466,15443
1806,8418,15597
1807,8412,15015
1808,8390,12973
1809,8291,10449
1810,8170,7479
1811,8088,4672
1812,8129,2630
1813,8134,1165
1814,8170,849
1815,8137,1663
1816,8170,3475
1817,8154,6071
1818,8269,9052
1819,8340,11779
1820,8390,14041
1821,8413,15430
1822,8400,15789
1823,8368,14877
1824,8359,13037
1825,8270,10449
1826,8304,7662
1827,8124,4537
1828,8140,2652
1829,8049,1211
1830,8167,852
1831,8176,1561
1832,8148,3486
1833,8228,6229
1834,8301,8898
1835,8322,11814
1836,8416,14054
1837,8325,15330
1838,8397,15771
1839,8390,14783
1840,8357,13049
1841,8281,10421
1842,8157,7614
1843,8126,4660
1844,8092,2448
1845,8152,1106
1846,8066,817
1847,8082,1549
1848,8167,3645
1849,8249,5923
1850,8343,8970
1851,8349,11689
1852,8452,14114
1853,8364,15357
1854,8424,15691
1855,8325,14945
1856,8410,13124
1857,8315,10500
1858,8301,7619
1859,8169,4765
1860,8103,2426
1861,8021,1128
1862,7994,878
1863,8030,1662
1864,8198,3685
1865,8312,6157
1866,8387,8862
1867,8332,11671
1868,8375,14074
1869,8374,15527
1870,8423,15702
1871,8301,14867
1872,8404,13033
1873,8314,10604
1874,8207,7455
1875,8112,4661
1876,8130,2478
1877,8104,1060
1878,8117,904
1879,8043,1644
1880,8185,3558
1881,8201,5996
1882,8342,9021
1883,8325,11737
1884,8363,14004
1885,8425,15329
1886,8360,15675
1887,8401,14963
1888,8317,13058
1889,8361,10399
1890,8179,7572
1891,8130,4761
1892,8049,2413
1893,8101,1040
1894,8114,901
1895,8178,1662
1896,8194,3599
1897,8330,5998
1898,8196,9010
1899,8380,11677
1900,8302,14114
1901,8410,15557
1902,8485,15691
1903,8437,15014
1904,8354,12995
1905,8173,10449
1906,8212,7619
1907,8084,4721
1908,8154,2466
1909,8101,1130
1910,8222,827
1911,8169,1823
1912,8168,3525
1913,8226,6227
1914,8244,8921
1915,8334,11866
1916,8398,14154
1917,8512,15598
1918,8439,15706
1919,8377,14793
1920,8301,13070
1921,8293,10506
1922,8225,7694
1923,8182,4721
1924,8041,2373
1925,8121,1161
1926,8139,904
1927,8173,1593
1928,8174,3489
1929,8200,5958
1930,8263,9014
1931,8269,11842
1932,8455,14183
1933,8422,15377
1934,8484,15758
1935,8378,14910
1936,8370,13055
1937,8245,10315
1938,8214,7630
1939,8111,4738
1940,8078,2562
1941,8098,1150
1942,8145,828
1943,8138,1690
1944,8279,3641
1945,8359,6433
1946,8319,8811
1947,8254,11780
1948,8264,13938
1949,8366,15491
1950,8368,15717
1951,8387,14951
1952,8334,12974
1953,8327,10592
1954,8301,7673
1955,8159,4785
1956,8012,2443
1957,8101,1198
1958,8072,814
1959,8102,1719
1960,8157,3580
1961,8213,6080
1962,8317,8888
1963,8362,12015
1964,8426,14004
1965,8378,15495
1966,8395,15686
1967,8386,15020
1968,8365,13065
1969,8353,10505
1970,8242,7626
1971,8110,4620
1972,8137,2520
1973,8111,1094
1974,8061,839
1975,8080,1557
1976,8115,3493
1977,8321,6311
1978,8373,9089
1979,8415,11625
1980,8369,13920
1981,8374,15393
1982,8302,15741
1983,8408,14861
1984,8342,13121
1985,8330,10388
1986,8134,7566
1987,8136,4758
1988,8201,2593
1989,8174,1068
1990,8135,891
1991,8084,1676
1992,8080,3510
1993,8213,6075
1994,8258,8976
1995,8308,11697
1996,8332,13966
1997,8369,15462
1998,8405,15758
1999,8394,14982
2000,8438,13029
2001,8215,10416
2002,8261,7584
2003,8080,4576
2004,8134,2640
2005,8108,1125
2006,8073,777
2007,8094,1635
2008,8199,3675
2009,8202,5912
2010,8282,9019
2011,8362,11687
2012,8387,14063
2013,8334,15289
2014,8406,15726
2015,8373,15031
2016,8315,12977
2017,8303,10553
2018,8255,7515
2019,8177,4809
2020,8046,2400
2021,8024,1089
2022,8037,883
2023,8145,1653
2024,8151,3419
2025,8238,6102
2026,8311,8849
2027,8351,11717
2028,8387,14060
2029,8404,15352
2030,8363,15694
2031,8365,15165
2032,8329,13039
2033,8299,10395
2034,8238,7651
2035,8173,4802
2036,8122,2496
2037,8060,1137
2038,8071,817
2039,8088,1588
2040,8156,3527
2041,8251,6403
2042,8270,8923
2043,8367,11771
2044,8537,14078
2045,8436,15384
2046,8409,15713
2047,8372,14854
2048,8403,13186
2049,8200,10379
2050,8086,7459
2051,8080,4698
2052,8102,2466
2053,8125,1130
2054,8131,798
2055,8207,1470
2056,8193,3477
2057,8188,5995
2058,8224,9101
2059,8293,11695
2060,8449,14150
2061,8414,15484
2062,8394,15702
2063,8315,14806
2064,8335,13185
2065,8269,10511
2066,8262,7458
2067,8085,4666
2068,8160,2497
2069,8031,1072
2070,8147,908
2071,8125,1529
2072,8196,3463
2073,8091,6214
2074,8238,9119
2075,8310,11859
2076,8455,14120
2077,8395,15408
2078,8499,15784
2079,8420,14966
2080,8403,13270
2081,8237,10548
2082,8257,7427
2083,8145,4677
2084,8134,2512
2085,8102,1129
2086,8076,701
2087,8163,1542
2088,8183,3409
2089,8174,6107
2090,8283,9026
2091,8300,11757
2092,8444,14012
2093,8417,15493
2094,8401,15660
2095,8397,15126
2096,8352,12991
2097,8339,10524
2098,8136,7546
2099,8100,4646
2100,8053,2448
2101,8127,1174
2102,8093,811
2103,8095,1592
2104,8159,3465
2105,8215,6078
2106,8207,8981
2107,8344,11707
2108,8410,13998
2109,8445,15402
2110,8386,15747
2111,8420,14965
2112,8395,13013
2113,8212,10487
2114,8121,7655
2115,8127,4590
2116,8212,2736
2117,8119,1165
2118,8149,796
2119,8092,1433
2120,8152,3637
2121,8189,6058
2122,8324,8978
2123,8408,11970
2124,8472,14046
2125,8429,15479
2126,8435,15738
2127,8348,14882
2128,8391,13035
2129,8220,10486
2130,8229,7506
2131,8185,4695
2132,8149,2474
2133,8082,1156
2134,8099,886
2135,8119,1510
2136,8154,3561
2137,8189,6115
2138,8272,9015
2139,8345,11734
2140,8446,14132
2141,8388,15371
2142,8438,15745
2143,8318,14930
2144,8361,12954
2145,8260,10480
2146,8228,7525
2147,8191,4728
2148,8109,2484
2149,8045,1036
2150,8134,922
2151,8156,1545
2152,8130,3419
2153,8171,6251
2154,8294,9043
2155,8340,11726
2156,8467,14092
2157,8345,15471
2158,8446,15671
2159,8389,14873
2160,8417,13262
2161,8241,10608
2162,8246,7479
2163,8203,4623
2164,8187,2621
2165,8165,1182
2166,8136,985
2167,8037,1438
2168,8079,3401
2169,8289,6265
2170,8288,8984
2171,8422,11809
2172,8462,14152
2173,8424,15515
2174,8377,15640
2175,8323,14791
2176,8287,13254
2177,8242,10529
2178,8291,7698
2179,8192,4741
2180,8085,2370
2181,8174,1192
2182,8076,883
2183,8101,1414
2184,8153,3630
2185,8268,6059
2186,8260,9196
2187,8424,11808
2188,8484,14054
2189,8439,15404
2190,8326,15631
2191,8353,15172
2192,8172,13118
2193,8105,10381
2194,8153,7649
2195,8130,4654
2196,8278,2566
2197,8292,1215
2198,8252,609
2199,8141,1658
2200,8065,3571
2201,8143,5953
2202,8145,8821
2203,8311,11827
2204,8327,13966
2205,8589,15614
2206,8605,15786
2207,8484,14852
2208,8318,12884
2209,8160,10466
2210,8230,7689
2211,8157,4762
2212,8120,2494
2213,8179,1092
2214,8104,847
2215,8206,1670
2216,8130,3458
2217,8206,6235
2218,8241,8893
2219,8309,11963
2220,8441,14128
2221,8416,15504
2222,8438,15726
2223,8345,14737
2224,8258,12974
2225,8209,10412
2226,8178,7679
2227,8258,4836
2228,8100,2438
2229,8151,1088
2230,8125,763
2231,8029,1617
2232,8017,3481
2233,8158,6109
2234,8297,9050
2235,8344,11774
2236,8401,14097
2237,8495,15412
2238,8463,15727
2239,8426,15037
2240,8321,13002
2241,8232,10561
2242,8198,7523
2243,8139,4668
2244,8138,2435
2245,8148,1241
2246,8156,842
2247,8121,1529
2248,8155,3445
2249,8247,6276
2250,8333,9066
2251,8324,11762
2252,8384,13966
2253,8425,15521
2254,8506,15627
2255,8435,14919
2256,8434,13182
2257,8282,10559
2258,8152,7614
2259,8049,4686
2260,7990,2439
2261,8046,1117
2262,8141,894
2263,8238,1642
2264,8239,3570
2265,8198,6089
2266,8291,9027
2267,8317,11829
2268,8335,14059
2269,8358,15397
2270,8362,15725
2271,8381,14973
2272,8370,13087
2273,8251,10273
2274,8237,7612
2275,8136,4734
2276,8088,2460
2277,8012,1035
2278,8079,888
2279,8126,1802
2280,8260,3675
2281,8290,5919
2282,8258,8809
2283,8330,11689
2284,8381,14026
2285,8306,15405
2286,8403,15734
2287,8384,14981
2288,8466,12913
2289,8350,10562
2290,8189,7436
2291,8143,4578
2292,8094,2441
2293,8181,1182
2294,8098,712
2295,8126,1637
2296,8190,3672
2297,8319,6144
2298,8259,8825
2299,8337,11891
2300,8399,14103
2301,8349,15369
2302,8406,15710
2303,8337,14812
2304,8424,13137
2305,8238,10327
2306,8239,7636
2307,8062,4664
2308,8065,2622
2309,8036,1075
2310,8142,785
2311,8114,1592
2312,8173,3560
2313,8172,5869
2314,8297,9068
2315,8335,11747
2316,8427,14007
2317,8296,15375
2318,8370,15730
2319,8353,14871
2320,8378,12994
2321,8314,10419
2322,8203,7491
2323,8111,4654
2324,8080,2433
2325,8109,1094
2326,8064,860
2327,8138,1590
2328,8230,3613
2329,8264,6031
2330,8303,8946
2331,8310,11982
2332,8456,14148
2333,8373,15490
2334,8428,15665
2335,8364,14997
2336,8362,13033
2337,8266,10405
2338,8280,7687
2339,8140,4660
2340,8192,2465
2341,8080,1118
2342,8130,808
2343,8071,1533
2344,8052,3427
2345,8222,6121
2346,8263,8944
2347,8353,11725
2348,8438,14042
2349,8423,15490
2350,8367,15626
2351,8308,15016
2352,8378,13147
2353,8261,10339
2354,8177,7584
2355,8167,4719
2356,8158,2521
2357,8114,1166
2358,8030,822
2359,8160,1643
2360,8140,3685
2361,8261,5993
2362,8217,8953
2363,8321,11746
2364,8381,14091
2365,8463,15367
2366,8445,15736
2367,8403,14889
2368,8316,12965
2369,8256,10455
2370,8099,7583
2371,8204,4685
2372,8120,2508
2373,8159,1038
2374,8089,936
2375,8219,1687
2376,8213,3635
2377,8201,5986
2378,8204,9081
2379,8318,11740
2380,8412,14213
2381,8486,15379
2382,8428,15651
2383,8426,14955
2384,8372,13084
2385,8191,10386
2386,8090,7622
2387,8111,4693
2388,8164,2482
2389,8154,1117
2390,8098,843
2391,8146,1766
2392,8172,3556
2393,8214,6283
2394,8265,8998
2395,8236,11679
2396,8406,14101
2397,8358,15503
2398,8441,15765
2399,8352,14752
2400,8434,13051
2401,8275,10486
2402,8175,7613
2403,8161,4695
2404,8087,2405
2405,8164,1075
2406,8065,899
2407,8157,1543
2408,8190,3589
2409,8249,5972
2410,8200,8975
2411,8366,11760
2412,8376,14034
2413,8378,15283
2414,8409,15768
2415,8379,14950
2416,8487,13046
2417,8356,10467
2418,8184,7533
2419,8112,4725
2420,8082,2475
2421,8117,984
2422,8186,931
2423,8126,1543
2424,8208,3543
2425,8205,6002
2426,8258,9041
2427,8328,11882
2428,8414,14015
2429,8400,15462
2430,8444,15780
2431,8442,14958
2432,8382,12962
2433,8228,10482
2434,8106,7503
2435,8085,4650
2436,8089,2588
2437,8141,1067
2438,8171,867
2439,8234,1626
2440,8182,3504
2441,8164,6036
2442,8146,9019
2443,8341,11765
2444,8404,14083
2445,8423,15379
2446,8409,15808
2447,8471,14942
2448,8380,12920
2449,8258,10312
2450,8181,7605
2451,8450,4732
2452,8059,2573
2453,8097,1028
2454,8107,922
2455,8204,1624
2456,8140,3578
2457,8298,5994
2458,8250,9160
2459,8421,11772
2460,8375,14129
2461,8464,15311
2462,8392,15825
2463,8427,14850
2464,8267,13015
2465,8292,10441
2466,8202,7519
2467,8281,4828
2468,8175,2571
2469,8125,1059
2470,8100,854
2471,8016,1574
2472,8088,3476
2473,8162,6213
2474,8279,8937
2475,8371,11752
2476,8549,14153
2477,8405,15433
2478,8408,15733
2479,8382,14748
2480,8254,12922
2481,8225,10556
2482,8241,7604
2483,8148,4683
2484,8201,2541
2485,8126,1199
2486,8102,724
2487,8141,1711
2488,8101,3518
2489,8196,5940
2490,8308,9034
2491,8343,11657
2492,8417,14006
2493,8447,15620
2494,8482,15670
2495,8372,14916
2496,8256,13032
2497,8220,10407
2498,8244,7588
2499,8195,4660
2500,8230,2487
2501,8050,1067
2502,8144,908
2503,8074,1565
2504,8126,3541
2505,8200,6263
2506,8330,9006
2507,8376,11782
2508,8391,14132
2509,8485,15422
2510,8380,15591
2511,8418,14794
2512,8360,13118
2513,8191,10350
2514,8205,7583
2515,8163,4570
2516,8125,2585
2517,8122,1249
2518,8125,849
2519,8081,1645
2520,8181,3725
2521,8211,6252
2522,8234,8792
2523,8295,11827
2524,8383,14090
2525,8448,15405
2526,8453,15769
2527,8468,14764
2528,8356,13217
2529,8212,10334
2530,8118,7600
2531,8170,4701
2532,8095,2394
2533,8111,1035
2534,8147,985
2535,8157,1444
2536,8195,3625
2537,8241,6004
2538,8254,8995
2539,8401,11727
2540,8331,14122
2541,8360,15435
2542,8457,15664
2543,8381,14910
2544,8367,13042
2545,8313,10447
2546,8328,7503
2547,8200,4595
2548,8100,2467
2549,7981,1031
2550,8114,939
2551,8047,1534
2552,8237,3591
2553,8223,6127
2554,8354,8976
2555,8313,11738
2556,8317,14280
2557,8364,15561
2558,8410,15616
2559,8417,14922
2560,8365,13074
2561,8205,10321
2562,8252,7642
2563,8210,4649
2564,8084,2501
2565,8060,1093
2566,8143,896
2567,8149,1478
2568,8120,3594
2569,8187,6062
2570,8308,9080
2571,8376,11630
2572,8492,14231
2573,8412,15289
2574,8363,15634
2575,8305,14856
2576,8386,13054
2577,8282,10432
2578,8317,7696
2579,8156,4746
2580,8120,2472
2581,8001,1031
2582,8134,887
2583,8036,1590
2584,8123,3571
2585,8236,6123
2586,8322,8946
2587,8470,11860
2588,8476,14125
2589,8307,15376
2590,8271,15616
2591,8350,15115
2592,8353,13091
2593,8289,10315
2594,8274,7537
2595,8177,4673
2596,8193,2558
2597,8069,1165
2598,8058,783
2599,8038,1532
2600,8122,3577
2601,8188,6336
2602,8387,9057
2603,8440,11822
2604,8430,13908
2605,8388,15559
2606,8375,15595
2607,8331,14835
2608,8385,13034
2609,8295,10442
2610,8307,7488
2611,8197,4786
2612,8112,2329
2613,8105,1124
2614,8058,845
2615,8142,1618
2616,8073,3461
2617,8273,6175
2618,8275,8828
2619,8427,11822
2620,8358,14141
2621,8477,15504
2622,8371,15719
2623,8347,14656
2624,8333,13061
2625,8292,10435
2626,8238,7659
2627,8188,4685
2628,8134,2412
2629,8139,1159
2630,8144,831
2631,8083,1597
2632,8072,3459
2633,8136,6076
2634,8312,8974
2635,8384,11930
2636,8444,13982
2637,8376,15530
2638,8456,15850
2639,8373,15007
2640,8306,12869
2641,8280,10574
2642,8172,7492
2643,8161,4667
2644,8200,2615
2645,8131,1073
2646,8141,683
2647,8080,1639
2648,8201,3650
2649,8220,6078
2650,8246,9014
2651,8362,11925
2652,8397,14122
2653,8385,15344
2654,8408,15683
2655,8348,15038
2656,8355,13056
2657,8320,10496
2658,8282,7487
2659,8194,4719
2660,8054,2312
2661,8029,1092
2662,8080,909
2663,8158,1579
2664,8139,3543
2665,8298,5977
2666,8251,9047
2667,8330,11831
2668,8398,14307
2669,8434,15464
2670,8465,15791
2671,8355,14894
2672,8272,12910
2673,8262,10445
2674,8198,7683
2675,8129,4577
2676,8082,2366
2677,8170,1151
2678,8121,746
2679,8133,1714
2680,8164,3447
2681,8244,6303
2682,8181,8847
2683,8283,11868
2684,8362,14059
2685,8504,15541
2686,8493,15633
2687,8378,14807
2688,8361,13018
2689,8281,10368
2690,8235,7764
2691,8107,4675
2692,8088,2530
2693,8094,1179
2694,8158,890
2695,8089,1570
2696,8209,3554
2697,8256,6080
2698,8247,8931
2699,8301,11925
2700,8428,14011
2701,8435,15431
2702,8467,15836
2703,8431,15085
2704,8288,12961
2705,8268,10438
2706,8199,7595
2707,8089,4584
2708,8095,2568
2709,8146,1213
2710,8174,840
2711,8131,1716
2712,8181,3569
2713,8121,6113
2714,8191,8966
2715,8338,11840
2716,8473,14106
2717,8451,15456
2718,8401,15685
2719,8408,14880
2720,8335,12977
2721,8355,10527
2722,8206,7538
2723,8204,4573
2724,8104,2516
2725,8117,1130
2726,8037,875
2727,8106,1635
2728,8145,3491
2729,8191,6110
2730,8285,9076
2731,8303,11791
2732,8472,14225
2733,8477,15342
2734,8352,15675
2735,8356,14943
2736,8373,13007
2737,8314,10422
2738,8202,7754
2739,8083,4778
2740,8158,2416
2741,8084,1075
2742,8072,845
2743,8089,1574
2744,8196,3581
2745,8290,6311
2746,8346,8934
2747,8333,11723
2748,8447,14097
2749,8361,15424
2750,8447,15949
2751,8334,14927
2752,8323,12927
2753,8299,10536
2754,8208,7472
2755,8191,4685
2756,8133,2433
2757,8231,1095
2758,8053,823
2759,8077,1700
2760,8090,3458
2761,8200,6332
2762,8343,9138
2763,8409,11720
2764,8439,13985
2765,8428,15469
2766,8412,15795
2767,8414,14917
2768,8266,12918
2769,8253,10378
2770,8197,7638
2771,8262,4665
2772,8146,2414
2773,8134,1024
2774,8097,838
2775,8040,1639
2776,8185,3661
2777,8186,5961
2778,8270,8986
2779,8347,11840
2780,8389,14107
2781,8436,15417
2782,8332,15646
2783,8348,15055
2784,8397,13068
2785,8306,10366
2786,8266,7598
2787,8071,4703
2788,8172,2395
2789,8037,1143
2790,8125,940
2791,8049,1470
2792,8203,3528
2793,8261,6301
2794,8311,9029
2795,8334,11854
2796,8352,14110
2797,8393,15428
2798,8475,15874
2799,8429,14756
2800,8342,12936
2801,8262,10434
2802,8159,7684
2803,8150,4664
2804,8050,2462
2805,8083,1260
2806,8092,809
2807,8149,1704
2808,8184,3669
2809,8298,6032
2810,8346,9057
2811,8433,11883
2812,8420,14033
2813,8335,15463
2814,8304,15618
2815,8425,15117
2816,8311,12940
2817,8224,10275
2818,8214,7674
2819,8196,4709
2820,8122,2565
2821,8145,1173
2822,8094,801
2823,8120,1492
2824,8076,3536
2825,8196,5949
2826,8221,9048
2827,8363,11906
2828,8455,14137
2829,8498,15429
2830,8471,15829
2831,8440,14841
2832,8250,12940
2833,8174,10395
2834,8143,7610
2835,8121,4624
2836,8092,2388
2837,8148,1079
2838,8174,827
2839,8224,1666
2840,8213,3550
2841,8126,5995
2842,8229,8878
2843,8284,11817
2844,8486,14147
2845,8425,15473
2846,8382,15724
2847,8369,14861
2848,8380,13056
2849,8269,10462
2850,8250,7577
2851,8170,4746
2852,8135,2477
2853,8066,1115
2854,8109,910
2855,8204,1815
2856,8177,3510
2857,8285,6350
2858,8268,9128
2859,8347,11688
2860,8296,14053
2861,8370,15428
2862,8347,15795
2863,8436,14729
2864,8435,13306
2865,8276,10302
2866,8203,7489
2867,8129,4683
2868,8068,2427
2869,8033,1105
2870,8075,858
2871,8167,1431
2872,8268,3505
2873,8265,6117
2874,8269,8839
2875,8271,11935
2876,8374,14077
2877,8318,15481
2878,8432,15740
2879,8448,14992
2880,8425,12823
2881,8334,10391
2882,8153,7605
2883,8080,4700
2884,8065,2597
2885,8156,1250
2886,8156,838
2887,8212,1634
2888,8090,3571
2889,8180,5971
2890,8266,9147
2891,8369,11819
2892,8408,14056
2893,8412,15445
2894,8452,15793
2895,8379,14841
2896,8437,13170
2897,8257,10344
2898,8153,7606
2899,8107,4695
2900,8188,2638
2901,8006,1129
2902,8057,805
2903,8156,1609
2904,8180,3590
2905,8252,6025
2906,8231,8949
2907,8390,11779
2908,8312,14087
2909,8414,15415
2910,8367,15779
2911,8418,15004
2912,8416,13089
2913,8307,10360
2914,8154,7589
2915,8146,4667
2916,8124,2518
2917,8100,1118
2918,8080,822
2919,8098,1621
2920,8157,3624
2921,8210,6161
2922,8299,9020
2923,8414,11683
2924,8411,14073
2925,8430,15473
2926,8331,15645
2927,8389,14918
2928,8376,13082
2929,8272,10378
2930,8213,7533
2931,8252,4585
2932,8168,2387
2933,8138,1181
2934,8081,885
2935,8064,1685
2936,8117,3613
2937,8246,6184
2938,8345,9143
2939,8428,11812
2940,8415,14025
2941,8391,15483
2942,8239,15697
2943,8348,14943
2944,8298,12991
2945,8373,10430
2946,8229,7420
2947,8279,4637
2948,8082,2459
2949,8008,1100
2950,7996,924
2951,8051,1692
2952,8192,3622
2953,8233,6088
2954,8376,9025
2955,8429,11865
2956,8392,14058
2957,8349,15464
2958,8373,15725
2959,8359,14969
2960,8306,12822
2961,8310,10476
2962,8290,7607
2963,8151,4633
2964,8098,2455
2965,8085,1166
2966,8042,778
2967,8107,1692
2968,8179,3642
2969,8260,6272
2970,8321,9105
2971,8296,11933
2972,8430,14073
2973,8387,15597
2974,8362,15546
2975,8403,15016
2976,8342,13016
2977,8271,10387
2978,8177,7534
2979,8156,4628
2980,8069,2470
2981,8076,1124
2982,8121,834
2983,8217,1737
2984,8164,3481
2985,8254,6052
2986,8280,9116
2987,8341,11704
2988,8260,14015
2989,8369,15495
2990,8419,15851
2991,8406,14954
2992,8382,13088
2993,8325,10360
2994,8315,7487
2995,8090,4601
2996,8096,2574
2997,8061,1130
2998,8099,867
2999,8166,1825
3000,8184,3581
3001,8257,6203
3002,8274,8981
3003,8336,11850
3004,8394,14128
3005,8352,15555
3006,8353,15687
3007,8400,14785
3008,8338,13173
3009,8323,10525
3010,8260,7653
3011,8142,4713
3012,8107,2469
3013,8120,1212
3014,8090,829
3015,8150,1719
3016,8181,3614
3017,8255,6153
3018,8268,9024
3019,8299,11792
3020,8348,14102
3021,8447,15532
3022,8466,15651
3023,8424,14814
3024,8467,13343
3025,8305,10438
3026,8193,7551
3027,8025,4765
3028,8082,2498
3029,8117,1298
3030,8159,770
3031,8175,1753
3032,8210,3591
3033,8218,6174
3034,8294,8952
3035,8279,12029
3036,8388,14098
3037,8468,15585
3038,8448,15605
3039,8378,14854
3040,8386,13205
3041,8242,10322
3042,8259,7592
3043,8096,4704
3044,8161,2526
3045,8033,1109
3046,8154,1007
3047,8078,1501
3048,8162,3635
3049,8200,5986
3050,8273,9020
3051,8354,11716
3052,8393,14137
3053,8455,15578
3054,8371,15596
3055,8415,15001
3056,8279,12973
3057,8325,10550
3058,8232,7535
3059,8197,4663
3060,8042,2454
3061,8120,1211
3062,8128,856
3063,8185,1710
3064,8202,3518
3065,8262,6183
3066,8265,9073
3067,8269,11844
3068,8361,14156
3069,8409,15490
3070,8529,15821
3071,8435,14811
3072,8414,12975
3073,8282,10375
3074,8190,7592
3075,8063,4759
3076,8122,2545
3077,8139,1161
3078,8174,812
3079,8166,1702
3080,8189,3632
3081,8194,6159
3082,8287,9034
3083,8362,11998
3084,8374,14099
3085,8382,15440
3086,8344,15649
3087,8453,14934
3088,8338,12968
3089,8298,10421
3090,8170,7551
3091,8145,4704
3092,8138,2535
3093,8170,1118
3094,8099,899
3095,8118,1650
3096,8117,3557
3097,8175,6090
3098,8320,9128
3099,8368,11827
3100,8376,14082
3101,8412,15362
3102,8401,15697
3103,8445,15022
3104,8404,13041
3105,8247,10362
3106,8183,7570
3107,8143,4747
3108,8117,2398
3109,8114,1157
3110,8188,821
3111,8118,1701
3112,8186,3708
3113,8299,6127
3114,8239,8921
3115,8342,11841
3116,8408,14182
3117,8426,15409
3118,8446,15686
3119,8445,14910
3120,8350,12882
3121,8233,10357
3122,8168,7643
3123,8124,4723
3124,8035,2537
3125,8107,1105
3126,8165,820
3127,8199,1725
3128,8212,3718
3129,8168,6026
3130,8248,9172
3131,8331,11770
3132,8398,14114
3133,8404,15425
3134,8405,15695
3135,8433,15064
3136,8323,13016
3137,8347,10423
3138,8252,7522
3139,8114,4609
3140,8079,2395
3141,8087,1182
3142,8167,958
3143,8163,1612
3144,8217,3450
3145,8250,6185
3146,8366,9174
3147,8343,11831
3148,8424,14160
3149,8371,15416
3150,8339,15601
3151,8354,14888
3152,8392,13151
3153,8326,10362
3154,8289,7642
3155,8129,4756
3156,8147,2504
3157,8140,1180
3158,8111,819
3159,8102,1607
3160,8081,3616
3161,8234,6200
3162,8223,8924
3163,8380,11785
3164,8386,14098
3165,8441,15365
3166,8355,15660
3167,8377,14926
3168,8299,12858
3169,8241,10380
3170,8281,7705
3171,8170,4610
3172,8180,2568
3173,8074,1107
3174,8120,890
3175,8024,1653
3176,8183,3545
3177,8256,6074
3178,8256,8972
3179,8398,11859
3180,8380,14041
3181,8398,15376
3182,8403,15776
3183,8451,15005
3184,8380,13050
3185,8315,10378
3186,8172,7522
3187,8128,4717
3188,8078,2491
3189,8187,1073
3190,8067,848
3191,8127,1713
3192,8222,3614
3193,8281,6083
3194,8289,9022
3195,8276,11812
3196,8364,14187
3197,8320,15466
3198,8390,15643
3199,8368,14945
3200,8485,12903
3201,8283,10418
3202,8229,7619
3203,8162,4717
3204,8127,2567
3205,8006,1126
3206,8066,870
3207,8153,1770
3208,8254,3622
3209,8273,6025
3210,8233,8950
3211,8369,11909
3212,8400,14096
3213,8352,15483
3214,8343,15718
3215,8370,14963
3216,8439,12917
3217,8314,10410
3218,8268,7662
3219,8184,4763
3220,8110,2380
3221,8062,1120
3222,8066,938
3223,8131,1689
3224,8259,3702
3225,8267,6068
3226,8345,8974
3227,8314,11776
3228,8430,14195
3229,8378,15531
3230,8407,15569
3231,8381,15022
3232,8285,12878
3233,8267,10561
3234,8285,7651
3235,8193,4678
3236,8138,2442
3237,8121,1201
3238,8088,733
3239,8111,1741
3240,8123,3623
3241,8213,6110
3242,8235,9042
3243,8290,11919
3244,8408,14061
3245,8474,15577
3246,8408,15624
3247,8413,15003
3248,8338,13017
3249,8301,10547
3250,8186,7584
3251,8101,4677
3252,8122,2590
3253,8116,1181
3254,8131,928
3255,8166,1735
3256,8154,3649
3257,8194,6249
3258,8221,9049
3259,8316,11850
3260,8455,14284
3261,8468,15313
3262,8424,15721
3263,8391,14799
3264,8352,12983
3265,8251,10335
3266,8236,7594
3267,8207,4741
3268,8212,2525
3269,8102,1078
3270,8131,818
3271,8049,1647
3272,8187,3756
3273,8232,6297
3274,8260,8983
3275,8399,11819
3276,8448,14107
3277,8380,15373
3278,8373,15838
3279,8424,14944
3280,8398,13072
3281,8319,10322
3282,8225,7676
3283,8070,4792
3284,8040,2434
3285,8141,1110
3286,8164,918
3287,8134,1664
3288,8198,3630
3289,8212,6114
3290,8259,9006
3291,8306,11924
3292,8361,14199
3293,8376,15638
3294,8447,15645
3295,8399,14899
3296,8413,12932
3297,8326,10560
3298,8270,7463
3299,8139,4660
3300,8074,2463
3301,8158,1206
3302,8072,851
3303,8180,1702
3304,8139,3492
3305,8232,6243
3306,8229,9051
3307,8323,11908
3308,8368,14030
3309,8359,15529
3310,8470,15773
3311,8412,14815
3312,8364,12884
3313,8269,10462
3314,8144,7524
3315,8189,4814
3316,8126,2526
3317,8111,1241
3318,8140,850
3319,8163,1712
3320,8157,3570
3321,8150,6267
3322,8286,9038
3323,8383,11959
3324,8466,14106
3325,8447,15534
3326,8402,15658
3327,8364,14743
3328,8340,13096
3329,8217,10411
3330,8260,7577
3331,8220,4753
3332,8194,2517
3333,8116,1192
3334,8108,901
3335,8043,1653
3336,8164,3709
3337,8168,6054
3338,8334,9107
3339,8331,11762
3340,8468,14151
3341,8412,15509
3342,8421,15725
3343,8383,15069
3344,8372,13039
3345,8254,10398
3346,8198,7475
3347,8184,4864
3348,8134,2500
3349,8117,1138
3350,8168,861
3351,8133,1690
3352,8191,3554
3353,8179,6233
3354,8341,9081
3355,8338,11836
3356,8449,14153
3357,8397,15650
3358,8413,15653
3359,8385,14762
3360,8375,13039
3361,8300,10510
3362,8269,7512
3363,8189,4685
3364,8084,2383
3365,8094,1281
3366,8065,765
3367,8146,1644
3368,8175,3642
3369,8256,6112
3370,8336,8964
3371,8376,11904
3372,8404,14201
3373,8338,15405
3374,8431,15737
3375,8417,15183
3376,8287,12967
3377,8236,10498
3378,8248,7513
3379,8231,4640
3380,8176,2508
3381,8135,1129
3382,8097,761
3383,8152,1706
3384,8028,3521
3385,8218,6258
3386,8285,9038
3387,8508,12004
3388,8425,14119
3389,8404,15474
3390,8317,15730
3391,8380,14815
3392,8327,12974
3393,8285,10545
3394,8277,7526
3395,8197,4604
3396,8088,2427
3397,8097,1232
3398,8156,906
3399,8105,1591
3400,8136,3571
3401,8233,6227
3402,8252,8888
3403,8389,11941
3404,8382,14158
3405,8436,15601
3406,8413,15829
3407,8393,14817
3408,8295,13166
3409,8312,10433
3410,8219,7545
3411,8168,4771
3412,8118,2475
3413,8230,1122
3414,8139,794
3415,8093,1608
3416,8082,3587
3417,8202,6197
3418,8261,8976
3419,8426,11833
3420,8445,14144
3421,8430,15354
3422,8432,15709
3423,8418,14960
3424,8349,13056
3425,8261,10389
3426,8152,7394
3427,8221,4815
3428,8092,2469
3429,8148,1092
3430,8092,835
3431,8213,1650
3432,8143,3612
3433,8148,6122
3434,8216,9073
3435,8327,11710
3436,8425,14188
3437,8442,15485
3438,8483,15733
3439,8363,14957
3440,8312,13059
3441,8275,10485
3442,8194,7516
3443,8127,4522
3444,8108,2486
3445,8101,1133
3446,8126,929
3447,8124,1741
3448,8219,3617
3449,8210,6281
3450,8343,9015
3451,8288,11896
3452,8366,14295
3453,8343,15562
3454,8390,15664
3455,8444,14925
3456,8417,13026
3457,8320,10419
3458,8214,7610
3459,8132,4667
3460,8087,2530
3461,8026,1105
3462,8118,886
3463,8164,1635
3464,8187,3568
3465,8275,6053
3466,8248,8993
3467,8327,11750
3468,8368,14131
3469,8425,15481
3470,8396,15718
3471,8427,14902
3472,8377,13025
3473,8367,10434
3474,8186,7450
3475,8148,4713
3476,8110,2640
3477,8084,1125
3478,8032,857
3479,8149,1689
3480,8166,3564
3481,8260,6159
3482,8347,9075
3483,8350,11731
3484,8419,14191
3485,8356,15491
3486,8390,15788
3487,8323,14775
3488,8306,12934
3489,8316,10493
3490,8290,7568
3491,8215,4698
3492,8148,2600
3493,8078,1108
3494,8023,770
3495,8064,1702
3496,8197,3709
3497,8240,6166
3498,8396,9065
3499,8433,11792
3500,8396,14150
3501,8416,15507
3502,8337,15702
3503,8273,14746
3504,8402,13235
3505,8292,10389
3506,8355,7695
3507,8200,4817
3508,8105,2348
3509,8116,1214
3510,8099,906
3511,8085,1694
3512,8142,3611
3513,8305,6248
3514,8301,9140
3515,8317,11835
3516,8421,14220
3517,8412,15415
3518,8464,15723
3519,8318,14745
3520,8373,13204
3521,8226,10314
3522,8246,7707
3523,8141,4543
3524,8147,2498
3525,8111,1274
3526,8104,925
3527,8157,1513
3528,8133,3491
3529,8279,6286
3530,8232,9021
3531,8367,11857
3532,8368,14161
3533,8358,15516
3534,8468,15783
3535,8342,14753
3536,8392,13159
3537,8321,10405
3538,8227,7585
3539,8153,4858
3540,8105,2475
3541,8149,1206
3542,8133,886
3543,8100,1717
3544,8134,3619
3545,8176,6196
3546,8264,9009
3547,8332,11835
3548,8470,14133
3549,8484,15509
3550,8449,15701
3551,8304,14826
3552,8379,13117
3553,8273,10439
3554,8185,7553
3555,8145,4807
3556,8168,2450
3557,8129,1167
3558,8119,927
3559,8129,1669
3560,8173,3680
3561,8260,6138
3562,8369,9066
3563,8338,11893
3564,8341,14104
3565,8385,15485
3566,8403,15751
3567,8431,15031
3568,8287,12980
3569,8314,10325
3570,8247,7570
3571,8269,4571
3572,8126,2579
3573,8111,1155
3574,8040,850
3575,8064,1521
3576,8132,3625
3577,8296,6149
3578,8285,8903
3579,8383,11907
3580,8420,14183
3581,8389,15480
3582,8345,15681
3583,8358,14776
3584,8281,12924
3585,8266,10417
3586,8312,7659
3587,8235,4669
3588,8126,2426
3589,8143,1297
3590,8004,832
3591,8148,1738
3592,8102,3535
3593,8272,6256
3594,8270,9059
3595,8450,11987
3596,8426,14108
3597,8347,15455
3598,8371,15738
3599,8296,14755
3600,8400,13116
3601,8355,10415
3602,8257,7556
3603,8112,4625
3604,8106,2505
3605,8115,1226
3606,8076,928
3607,8155,1735
3608,8182,3658
3609,8179,5869
3610,8313,9108
3611,8297,11857
3612,8464,14262
3613,8387,15507
3614,8402,15629
3615,8323,14910
3616,8376,13088
3617,8338,10351
3618,8244,7717
3619,8166,4742
3620,8069,2460
3621,8088,1114
3622,8064,957
3623,8093,1628
3624,8180,3634
3625,8335,6219
3626,8368,9207
3627,8374,11662
3628,8395,14179
3629,8290,15416
3630,8323,15730
3631,8393,14899
3632,8406,13213
3633,8324,10481
3634,8312,7550
3635,8220,4631
3636,8087,2327
3637,8060,1074
3638,8012,941
3639,8077,1777
3640,8134,3530
3641,8309,6078
3642,8371,9194
3643,8422,11874
3644,8470,14187
3645,8382,15514
3646,8346,15703
3647,8227,14882
3648,8249,12955
3649,8350,10444
3650,8327,7532
3651,8221,4731
3652,8153,2457
3653,8147,1187
3654,7996,810
3655,8058,1718
3656,8157,3635
3657,8205,6117
3658,8298,9114
3659,8422,11851
3660,8477,14146
3661,8408,15560
3662,8399,15683
3663,8429,15016
3664,8362,13046
3665,8246,10384
3666,8130,7451
3667,8170,4706
3668,8184,2499
3669,8182,1159
3670,8127,803
3671,8088,1632
3672,8169,3578
3673,8221,6121
3674,8219,8963
3675,8378,11873
3676,8421,14117
3677,8495,15459
3678,8445,15773
3679,8418,14924
3680,8317,12853
3681,8193,10475
3682,8178,7531
3683,8190,4637
3684,8118,2534
3685,8180,1112
3686,8073,765
3687,8182,1730
3688,8114,3531
3689,8184,6108
3690,8216,9084
3691,8387,11841
3692,8476,14165
3693,8414,15488
3694,8352,15660
3695,8375,15033
3696,8377,12930
3697,8277,10410
3698,8177,7522
3699,8212,4889
3700,8160,2488
3701,8120,1136
3702,8075,743
3703,8129,1691
3704,8235,3602
3705,8290,6110
3706,8311,9196
3707,8296,11618
3708,8393,14132
3709,8421,15507
3710,8395,15645
3711,8405,15032
3712,8289,12953
3713,8318,10359
3714,8301,7519
3715,8189,4578
3716,8090,2469
3717,8018,1173
3718,8068,909
3719,8085,1513
3720,8202,3563
3721,8188,6279
3722,8345,8986
3723,8400,11902
3724,8503,14167
3725,8369,15490
3726,8438,15738
3727,8342,14906
3728,8375,12917
3729,8293,10467
3730,8226,7392
3731,8179,4722
3732,8141,2516
3733,8066,1155
3734,8027,827
3735,8166,1772
3736,8187,3578
3737,8238,6320
3738,8345,9106
3739,8361,11749
3740,8315,14100
3741,8336,15513
3742,8294,15707
3743,8446,14885
3744,8340,12926
3745,8348,10377
3746,8197,7476
3747,8223,4760
3748,8143,2546
3749,8057,1082
3750,8047,838
3751,8104,1723
3752,8226,3647
3753,8254,6201
3754,8344,9076
3755,8314,11703
3756,8421,14154
3757,8414,15504
3758,8377,15645
3759,8304,14786
3760,8367,13054
3761,8302,10552
3762,8338,7521
3763,8198,4669
3764,8074,2401
3765,8106,1210
3766,8177,972
3767,8170,1597
3768,8120,3449
3769,8207,6185
3770,8269,9024
3771,8389,11854
3772,8299,14135
3773,8397,15372
3774,8391,15705
3775,8481,14805
3776,8413,13149
3777,8301,10374
3778,8187,7567
3779,8097,4645
3780,8059,2530
3781,8049,1174
3782,8050,838
3783,8173,1737
3784,8201,3592
3785,8286,6153
3786,8283,9085
3787,8353,11830
3788,8353,14009
3789,8453,15618
3790,8443,15641
3791,8364,14787
3792,8297,12846
3793,8260,10403
3794,8254,7624
3795,8216,4721
3796,8093,2418
3797,8130,1321
3798,8106,924
3799,8161,1673
3800,8132,3564
3801,8227,6139
3802,8319,9175
3803,8441,11909
3804,8426,14173
3805,8409,15505
3806,8372,15770
3807,8337,14847
3808,8244,12897
3809,8230,10436
3810,8336,7684
3811,8252,4643
3812,8169,2562
3813,8087,1163
3814,8077,695
3815,8090,1748
3816,8093,3624
3817,8216,6094
3818,8399,9277
3819,8392,11875
3820,8491,14219
3821,8357,15444
3822,8357,15805
3823,8374,15041
3824,8392,13079
3825,8298,10466
3826,8214,7531
3827,8121,4509
3828,8124,2542
3829,8088,1154
3830,8141,894
3831,8117,1688
3832,8154,3454
3833,8244,6360
3834,8319,8976
3835,8374,11908
3836,8458,14166
3837,8444,15511
3838,8443,15578
3839,8341,14969
3840,8282,13017
3841,8300,10562
3842,8301,7535
3843,8199,4693
3844,8107,2416
3845,8086,1109
3846,8133,962
3847,8157,1759
3848,8127,3610
3849,8230,6150
3850,8260,9069
3851,8339,11740
3852,8400,14206
3853,8421,15401
3854,8420,15651
3855,8413,14877
3856,8396,13090
3857,8272,10300
3858,8213,7509
3859,8177,4728
3860,8106,2561
3861,8058,1122
3862,8167,946
3863,8084,1598
3864,8117,3536
3865,8234,6261
3866,8371,8999
3867,8290,11837
3868,8397,14180
3869,8422,15361
3870,8456,15739
3871,8450,14781
3872,8330,12817
3873,8311,10393
3874,8183,7445
3875,8038,4522
3876,7901,2448
3877,7985,1170
3878,8094,857
3879,8183,1717
3880,8328,3671
3881,8473,6243
3882,8346,9177
3883,8346,11735
3884,8319,14060
3885,8264,15485
3886,8352,15685
3887,8351,14772
3888,8427,13248
3889,8364,10442
3890,8335,7515
3891,8259,4590
3892,8136,2524
3893,8043,1081
3894,8084,989
3895,8090,1531
3896,8167,3597
3897,8272,6171
3898,8318,9021
3899,8344,11869
3900,8343,14197
3901,8353,15543
3902,8408,15749
3903,8352,14832
3904,8390,13127
3905,8316,10371
3906,8244,7487
3907,8187,4647
3908,8064,2611
3909,8089,1244
3910,8057,853
3911,8058,1616
3912,8066,3580
3913,8256,6260
3914,8401,9041
3915,8370,11955
3916,8397,14049
3917,8375,15421
3918,8398,15758
3919,8401,14808
3920,8294,12883
3921,8276,10484
3922,8303,7521
3923,8172,4547
3924,8185,2740
3925,8070,1105
3926,8157,706
3927,8053,1679
3928,8187,3683
3929,8281,6153
3930,8251,9123
3931,8425,11820
3932,8410,14086
3933,8427,15385
3934,8372,15672
3935,8390,14810
3936,8371,13185
3937,8360,10397
3938,8256,7584
3939,8184,4735
3940,8066,2532
3941,8155,1208
3942,8057,903
3943,8157,1505
3944,8173,3627
3945,8192,5971
3946,8334,9126
3947,8329,11885
3948,8394,14164
3949,8378,15453
3950,8450,15696
3951,8417,15013
3952,8342,13133
3953,8279,10228
3954,8212,7604
3955,8081,4659
3956,8154,2653
3957,8111,1146
3958,8133,765
3959,8115,1801
3960,8189,3547
3961,8205,6208
3962,8293,9020
3963,8365,11989
3964,8454,14231
3965,8396,15439
3966,8388,15733
3967,8445,14853
3968,8415,13094
3969,8301,10420
3970,8225,7527
3971,8173,4816
3972,8110,2443
3973,8054,1079
3974,8130,913
3975,8202,1808
3976,8242,3485
3977,8264,6261
3978,8305,8848
3979,8263,11866
3980,8395,14223
3981,8437,15495
3982,8358,15597
3983,8415,14778
3984,8350,12975
3985,8355,10418
3986,8235,7553
3987,8103,4608
3988,8112,2576
3989,8052,1055
3990,8100,772
3991,8158,1866
3992,8195,3630
3993,8216,6144
3994,8201,8897
3995,8280,11886
3996,8456,14210
3997,8410,15485
3998,8462,15679
3999,8370,14819
4000,8382,13037
4001,8214,10331
4002,8237,7611
4003,8073,4655
4004,8184,2497
4005,8092,1145
4006,8130,877
4007,8152,1595
4008,8233,3672
4009,8239,6113
4010,8246,9099
4011,8339,11935
4012,8456,14189
4013,8372,15381
4014,8412,15759
4015,8421,14988
4016,8401,12989
4017,8290,10373
4018,8287,7551
4019,8134,4650
4020,8113,2541
4021,8151,1224
4022,8142,790
4023,8217,1659
4024,8104,3539
4025,8262,6199
4026,8159,9037
4027,8344,11943
4028,8409,14063
4029,8381,15493
4030,8402,15776
4031,8380,14843
4032,8374,12944
4033,8281,10464
4034,8172,7490
4035,8175,4633
4036,8144,2631
4037,8114,1164
4038,8097,863
4039,8094,1792
4040,8218,3586
4041,8212,6162
4042,8262,9022
4043,8329,11923
4044,8440,14135
4045,8401,15491
4046,8398,15721
4047,8411,14864
4048,8428,12996
4049,8312,10395
4050,8165,7454
4051,8122,4719
4052,8194,2484
4053,8133,1130
4054,8188,930
4055,8077,1650
4056,8256,3677
4057,8190,6079
4058,8258,9102
4059,8340,11949
4060,8369,14218
4061,8454,15717
4062,8446,15785
4063,8412,15008
4064,8426,13010
4065,8290,10359
4066,8232,7471
4067,8208,4585
4068,8100,2541
4069,8030,1113
4070,8118,952
4071,8138,1564
4072,8181,3557
4073,8244,6185
4074,8328,9127
4075,8364,11708
4076,8398,14189
4077,8444,15470
4078,8364,15668
4079,8380,14755
4080,8379,13073
4081,8318,10464
4082,8180,7477
4083,8092,4647
4084,8123,2502
4085,8079,1194
4086,8125,881
4087,8177,1621
4088,8260,3557
4089,8276,6141
4090,8275,9190
4091,8360,11858
4092,8298,14031
4093,8356,15438
4094,8431,15908
4095,8381,14872
4096,8380,12895
4097,8342,10361
4098,8255,7583
4099,8181,4638
4100,8087,2413
4101,8062,1096
4102,8097,853
4103,8186,1708
4104,8164,3651
4105,8282,6155
4106,8313,9008
4107,8390,11938
4108,8409,14116
4109,8313,15453
4110,8367,15703
4111,8355,14878
4112,8365,12930
4113,8356,10513
4114,8203,7376
4115,8174,4517
4116,8157,2497
4117,8129,1093
4118,8072,959
4119,8092,1626
4120,8174,3629
4121,8229,6156
4122,8261,9142
4123,8382,11751
4124,8469,14167
4125,8384,15441
4126,8394,15749
4127,8358,14767
4128,8385,13085
4129,8235,10388
4130,8206,7410
4131,8233,4710
4132,8212,2523
4133,8147,1151
4134,8083,834
4135,8057,1661
4136,8140,3504
4137,8160,6260
4138,8280,9091
4139,8417,12067
4140,8454,14108
4141,8455,15492
4142,8517,15929
4143,8352,14803
4144,8309,13047
4145,8202,10397
4146,8205,7575
4147,8150,4677
4148,8140,2403
4149,8141,1199
4150,8092,875
4151,8178,1646
4152,8151,3596
4153,8204,6017
4154,8318,9092
4155,8391,11990
4156,8381,14030
4157,8383,15526
4158,8403,15746
4159,8486,15161
4160,8371,13036
4161,8282,10361
4162,8171,7385
4163,8130,4615
4164,8097,2550
4165,8200,1123
4166,8097,827
4167,8181,1478
4168,8245,3718
4169,8273,6051
4170,8196,9133
4171,8264,11778
4172,8374,14165
4173,8328,15398
4174,8425,15742
4175,8496,14994
4176,8503,12991
4177,8328,10404
4178,8161,7466
4179,8088,4700
4180,8026,2434
4181,8042,1128
4182,8054,839
4183,8252,1785
4184,8242,3638
4185,8277,6041
4186,8246,9026
4187,8388,11926
4188,8308,14008
4189,8386,15497
4190,8386,15633
4191,8477,14925
4192,8435,12876
4193,8387,10460
4194,8181,7510
4195,8149,4688
4196,8087,2479
4197,8038,995
4198,8085,938
4199,8211,1762
4200,8198,3602
4201,8261,6071
4202,8295,9143
4203,8414,11937
4204,8281,14153
4205,8357,15413
4206,8426,15705
4207,8410,14802
4208,8397,12882
4209,8252,10385
4210,8199,7465
4211,8219,4618
4212,8140,2567
4213,8059,1102
4214,8106,911
4215,8119,1659
4216,8195,3683
4217,8191,6108
4218,8351,9005
4219,8321,11875
4220,8470,14304
4221,8363,15540
4222,8446,15682
4223,8364,15033
4224,8334,12885
4225,8298,10418
4226,8221,7735
4227,8177,4739
4228,8065,2421
4229,8115,1216
4230,8142,790
4231,8170,1646
4232,8117,3553
4233,8186,6292
4234,8341,9095
4235,8409,11875
4236,8494,14051
4237,8389,15505
4238,8352,15624
4239,8344,14825
4240,8295,12898
4241,8308,10320
4242,8308,7609
4243,8239,4701
4244,8137,2428
4245,8007,1096
4246,8025,867
4247,8070,1599
4248,8119,3578
4249,8261,6225
4250,8407,9101
4251,8433,11799
4252,8293,14036
4253,8376,15450
4254,8258,15703
4255,8355,14788
4256,8318,13074
4257,8321,10326
4258,8318,7649
4259,8224,4650
4260,8179,2463
4261,8093,1140
4262,8025,769
4263,8156,1868
4264,8115,3688
4265,8260,6240
4266,8282,9138
4267,8413,11778
4268,8430,14173
4269,8445,15582
4270,8332,15694
4271,8406,14872
4272,8332,13062
4273,8258,10333
4274,8265,7539
4275,8164,4647
4276,8180,2457
4277,8090,1171
4278,8154,848
4279,8092,1609
4280,8095,3617
4281,8158,6135
4282,8204,8994
4283,8370,11909
4284,8466,14208
4285,8486,15433
4286,8447,15644
4287,8418,14997
4288,8347,13072
4289,8145,10381
4290,8181,7558
4291,8172,4573
4292,8135,2388
4293,8230,1123
4294,8157,837
4295,8132,1625
4296,8174,3714
4297,8242,6050
4298,8279,9280
4299,8347,11792
4300,8380,14144
4301,8435,15426
4302,8425,15856
4303,8351,14843
4304,8338,12984
4305,8325,10334
4306,8238,7657
4307,8166,4657
4308,8234,2692
4309,8125,1018
4310,8129,837
4311,8100,1762
4312,8150,3764
4313,8192,6179
4314,8301,9106
4315,8314,12013
4316,8481,14070
4317,8441,15509
4318,8442,15739
4319,8432,14733
4320,8385,13098
4321,8204,10277
4322,8185,7481
4323,8133,4587
4324,8168,2539
4325,8134,1167
4326,8201,941
4327,8152,1519
4328,8092,3547
4329,8226,6245
4330,8262,9049
4331,8315,11899
4332,8349,14158
4333,8406,15420
4334,8434,15742
4335,8422,14827
4336,8394,13067
4337,8212,10240
4338,8194,7509
4339,8145,4681
4340,8137,2507
4341,8165,1248
4342,8168,907
4343,8126,1615
4344,8167,3648
4345,8182,6284
4346,8281,9138
4347,8345,11932
4348,8441,14083
4349,8401,15503
4350,8463,15715
4351,8403,14908
4352,8380,12928
4353,8300,10342
4354,8248,7454
4355,8145,4639
4356,8140,2468
4357,8063,1120
4358,8071,943
4359,8129,1682
4360,8166,3566
4361,8270,6301
4362,8376,9209
4363,8320,11898
4364,8405,14193
4365,8400,15509
4366,8401,15669
4367,8301,14789
4368,8280,12993
4369,8335,10412
4370,8221,7403
4371,8222,4627
4372,8122,2425
4373,8177,1221
4374,8054,827
4375,8142,1818
4376,8097,3509
4377,8232,6091
4378,8286,9109
4379,8352,11960
4380,8417,14145
4381,8529,15613
4382,8398,15640
4383,8325,14937
4384,8289,13035
4385,8274,10458
4386,8197,7398
4387,8188,4555
4388,8193,2634
4389,8148,1090
4390,8121,911
4391,8029,1565
4392,8144,3735
4393,8209,6165
4394,8315,9222
4395,8346,11879
4396,8424,14090
4397,8453,15334
4398,8450,15810
4399,8371,14901
4400,8326,12939
4401,8342,10453
4402,8274,7714
4403,8187,4718
4404,8140,2385
4405,8031,1003
4406,8128,974
4407,8038,1654
4408,8173,3566
4409,8264,6232
4410,8400,9143
4411,8328,11959
4412,8468,14160
4413,8362,15314
4414,8347,15742
4415,8315,14793
4416,8289,13040
4417,8360,10388
4418,8247,7515
4419,8233,4858
4420,8126,2363
4421,8145,1108
4422,8107,957
4423,8106,1601
4424,8066,3522
4425,8232,6275
4426,8258,8918
4427,8401,11921
4428,8453,14246
4429,8462,15398
4430,8380,15743
4431,8373,14820
4432,8343,12923
4433,8236,10334
4434,8245,7545
4435,8196,4670
4436,8121,2285
4437,8130,1214
4438,8148,742
4439,8161,1741
4440,8050,3434
4441,8288,6197
4442,8251,9139
4443,8394,11988
4444,8344,14110
4445,8427,15544
4446,8349,15658
4447,8424,14880
4448,8332,12913
4449,8348,10359
4450,8189,7499
4451,8159,4750
4452,8085,2371
4453,8150,1228
4454,8098,825
4455,8074,1571
4456,8136,3677
4457,8250,6262
4458,8272,9048
4459,8377,11929
4460,8437,14172
4461,8432,15386
4462,8381,15666
4463,8324,14814
4464,8302,13041
4465,8245,10421
4466,8266,7451
4467,8246,4678
4468,8172,2393
4469,8204,1168
4470,8062,870
4471,8011,1656
4472,8147,3649
4473,8186,6100
4474,8340,9147
4475,8433,11941
4476,8431,14100
4477,8467,15507
4478,8382,15687
4479,8366,15084
4480,8264,12993
4481,8276,10370
4482,8286,7514
4483,8187,4602
4484,8159,2494
4485,8139,1216
4486,8071,862
4487,8071,1608
4488,8125,3569
4489,8192,6313
4490,8313,9088
4491,8448,11953
4492,8448,14060
4493,8420,15415
4494,8284,15658
4495,8368,14924
4496,8272,12943
4497,8374,10401
4498,8226,7482
4499,8226,4596
4500,8099,2439
4501,8023,1131
4502,8063,898
4503,8126,1715
4504,8218,3637
4505,8274,6219
4506,8321,9149
4507,8333,11781
4508,8371,14233
4509,8348,15436
4510,8367,15704
4511,8411,14791
4512,8474,12993
4513,8311,10228
4514,8171,7616
4515,8084,4667
4516,8111,2409
4517,8116,1122
4518,8144,876
4519,8143,1827
4520,8254,3594
4521,8230,5886
4522,8278,9238
4523,8287,11792
4524,8360,14177
4525,8408,15507
4526,8394,15695
4527,8442,14916
4528,8342,12847
4529,8268,10295
4530,8274,7687
4531,8161,4689
4532,8153,2483
4533,8037,1075
4534,8069,793
4535,8183,1728
4536,8184,3609
4537,8239,6370
4538,8270,9006
4539,8421,11849
4540,8408,14160
4541,8344,15483
4542,8359,15578
4543,8398,14871
4544,8430,13017
4545,8303,10319
4546,8171,7505
4547,8142,4636
4548,8150,2516
4549,8104,1077
4550,8101,939
4551,8103,1658
4552,8180,3743
4553,8219,6110
4554,8217,9040
4555,8345,11772
4556,8418,14195
4557,8446,15339
4558,8353,15738
4559,8364,14872
4560,8365,12912
4561,8308,10391
4562,8303,7561
4563,8177,4675
4564,8138,2490
4565,8099,1074
4566,8086,870
4567,8096,1638
4568,8216,3769
4569,8216,6132
4570,8375,9127
4571,8398,12012
4572,8433,14208
4573,8373,15543
4574,8340,15709
4575,8365,14956
4576,8298,12976
4577,8348,10425
4578,8221,7411
4579,8193,4510
4580,8156,2514
4581,8122,1173
4582,8096,955
4583,8086,1629
4584,8132,3631
4585,8239,6296
4586,8236,9057
4587,8342,11836
4588,8445,14262
4589,8428,15381
4590,8456,15725
4591,8380,14810
4592,8342,13018
4593,8242,10453
4594,8179,7474
4595,8214,4522
4596,8190,2406
4597,8144,1257
4598,8105,858
4599,8093,1640
4600,8172,3678
4601,8257,6300
4602,8343,9125
4603,8410,11806
4604,8427,14205
4605,8407,15395
4606,8439,15780
4607,8356,14784
4608,8255,13032
4609,8237,10433
4610,8221,7419
4611,8210,4532
4612,8159,2604
4613,8198,1261
4614,8053,810
4615,8178,1671
4616,8101,3511
4617,8229,6251
4618,8278,9319
4619,8449,11947
4620,8360,14198
4621,8410,15536
4622,8437,15812
4623,8423,14643
4624,8362,13077
4625,8303,10395
4626,8222,7544
4627,8116,4711
4628,8045,2503
4629,8173,1076
4630,8169,934
4631,8151,1754
4632,8152,3546
4633,8164,6146
4634,8278,9204
4635,8361,11858
4636,8409,14211
4637,8403,15425
4638,8446,15753
4639,8420,14890
4640,8359,13013
4641,8280,10403
4642,8189,7493
4643,8123,4580
4644,8122,2623
4645,8132,1264
4646,8102,855
4647,8132,1621
4648,8165,3622
4649,8241,6250
4650,8270,8935
4651,8460,11952
4652,8384,14033
4653,8412,15448
4654,8369,15678
4655,8341,14772
4656,8364,13208
4657,8340,10507
4658,8271,7480
4659,8194,4591
4660,8100,2330
4661,8126,1231
4662,8156,963
4663,8107,1651
4664,8154,3641
4665,8251,6201
4666,8320,9055
4667,8263,11760
4668,8357,14210
4669,8446,15570
4670,8491,15786
4671,8372,14734
4672,8423,13166
4673,8294,10428
4674,8214,7560
4675,8091,4577
4676,8064,2425
4677,8058,1122
4678,8206,946
4679,8221,1551
4680,8153,3528
4681,8239,6343
4682,8333,8957
4683,8269,11778
4684,8394,14244
4685,8362,15420
4686,8402,15753
4687,8417,14815
4688,8425,13006
4689,8272,10341
4690,8261,7741
4691,8122,4657
4692,8012,2431
4693,8137,1210
4694,8156,808
4695,8136,1429
4696,8199,3671
4697,8223,6108
4698,8320,9052
4699,8343,12026
4700,8348,14117
4701,8377,15600
4702,8428,15650
4703,8366,14941
4704,8366,12961
4705,8255,10292
4706,8279,7474
4707,8148,4727
4708,8211,2506
4709,8124,1073
4710,8106,897
4711,8043,1671
4712,8113,3665
4713,8194,6078
4714,8299,9123
4715,8378,11789
4716,8480,14202
4717,8417,15493
4718,8405,15569
4719,8413,15042
4720,8324,13023
4721,8206,10154
4722,8259,7636
4723,8190,4689
4724,8152,2418
4725,8121,1164
4726,8173,835
4727,8122,1797
4728,8100,3659
4729,8137,5963
4730,8287,9028
4731,8343,12032
4732,8497,14120
4733,8432,15385
4734,8465,15722
4735,8423,14871
4736,8310,12878
4737,8216,10391
4738,8186,7510
4739,8172,4695
4740,8159,2392
4741,8204,1095
4742,8131,773
4743,8084,1696
4744,8089,3639
4745,8251,6149
4746,8264,9121
4747,8407,11905
4748,8450,14238
4749,8429,15377
4750,8408,15741
4751,8353,14794
4752,8364,13324
4753,8278,10334
4754,8316,7525
4755,8180,4736
4756,8068,2473
4757,8120,1173
4758,8108,639
4759,8132,1699
4760,8154,3601
4761,8207,6285
4762,8362,9150
4763,8372,11847
4764,8433,14018
4765,8437,15573
4766,8383,15586
4767,8357,14856
4768,8346,13126
4769,8263,10313
4770,8215,7417
4771,8192,4652
4772,8193,2510
4773,8175,1164
4774,8115,867
4775,8131,1759
4776,8089,3599
4777,8218,6191
4778,8266,9141
4779,8345,11820
4780,8324,14026
4781,8498,15605
4782,8403,15570
4783,8421,14849
4784,8390,13121
4785,8252,10293
4786,8247,7623
4787,8092,4717
4788,8083,2386
4789,8148,1150
4790,8196,932
4791,8084,1592
4792,8082,3625
4793,8200,6073
4794,8284,9079
4795,8345,11865
4796,8439,14219
4797,8404,15401
4798,8388,15615
4799,8422,15062
4800,8340,12957
4801,8252,10258
4802,8242,7628
4803,8232,4654
4804,8165,2484
4805,8149,1165
4806,8036,744
4807,8054,1634
4808,8105,3701
4809,8317,6229
4810,8357,9171
4811,8381,11790
4812,8459,14163
4813,8345,15494
4814,8366,15695
4815,8325,14760
4816,8416,13097
4817,8259,10371
4818,8320,7539
4819,8141,4701
4820,8176,2484
4821,8070,1147
4822,8044,751
4823,8105,1795
4824,8183,3561
4825,8288,6300
4826,8273,9058
4827,8433,12003
4828,8456,14160
4829,8452,15529
4830,8342,15702
4831,8373,14882
4832,8277,12898
4833,8300,10361
4834,8292,7543
4835,8201,4781
4836,8130,2416
4837,8031,1065
4838,8074,879
4839,8168,1705
4840,8182,3567
4841,8249,6259
4842,8263,8979
4843,8266,11853
4844,8464,14260
4845,8424,15595
4846,8340,15665
4847,8365,14752
4848,8444,13146
4849,8359,10534
4850,8188,7534
4851,8135,4687
4852,8049,2436
4853,8089,1274
4854,8068,775
4855,8178,1776
4856,8182,3567
4857,8295,6301
4858,8236,9133
4859,8340,11868
4860,8459,14133
4861,8381,15493
4862,8335,15693
4863,8392,14786
4864,8417,13130
4865,8275,10343
4866,8193,7432
4867,8105,4654
4868,8155,2495
4869,8169,1257
4870,8105,859
4871,8066,1529
4872,8196,3645
4873,8241,6197
4874,8255,9005
4875,8348,11916
4876,8434,14104
4877,8436,15498
4878,8397,15657
4879,8299,14749
4880,8331,13092
4881,8318,10619
4882,8262,7617
4883,8170,4705
4884,8221,2461
4885,8180,1150
4886,8057,844
4887,8020,1547
4888,8152,3660
4889,8184,6136
4890,8289,9074
4891,8365,11772
4892,8449,14103
4893,8480,15472
4894,8444,15758
4895,8332,14945
4896,8365,12938
4897,8267,10369
4898,8184,7420
4899,8150,4678
4900,8082,2481
4901,8146,1119
4902,8120,944
4903,8207,1613
4904,8114,3497
4905,8186,6167
4906,8259,9195
4907,8382,11760
4908,8430,14169
4909,8452,15511
4910,8402,15867
4911,8384,14777
4912,8380,12953
4913,8225,10363
4914,8216,7565
4915,8170,4688
4916,8124,2441
4917,8121,1208
4918,8042,822
4919,8142,1705
4920,8182,3724
4921,8311,6220
4922,8209,9027
4923,8342,11918
4924,8460,14147
4925,8488,15585
4926,8337,15646
4927,8317,14682
4928,8364,13024
4929,8296,10519
4930,8272,7573
4931,8172,4687
4932,8081,2367
4933,8060,1137
4934,8131,962
4935,8114,1664
4936,8172,3618
4937,8257,6090
4938,8256,9030
4939,8310,11865
4940,8422,14224
4941,8369,15425
4942,8464,15748
4943,8389,14830
4944,8375,12806
4945,8216,10339
4946,8239,7636
4947,8122,4546
4948,8190,2647
4949,8158,1193
4950,8100,678
4951,8119,1622
4952,8185,3701
4953,8180,6055
4954,8227,9040
4955,8361,11891
4956,8465,14166
4957,8418,15409
4958,8378,15635
4959,8392,15078
4960,8423,13078
4961,8295,10290
4962,8180,7472
4963,8164,4680
4964,8057,2386
4965,8121,1222
4966,8132,891
4967,8140,1524
4968,8146,3601
4969,8250,6259
4970,8272,9141
4971,8382,11874
4972,8448,14095
4973,8446,15485
4974,8350,15628
4975,8342,14788
4976,8347,13062
4977,8273,10369
4978,8335,7592
4979,8226,4647
4980,8156,2398
4981,8092,1245
4982,8105,876
4983,8091,1674
4984,8203,3729
4985,8217,5954
4986,8309,9039
4987,8361,11871
4988,8429,14182
4989,8369,15427
4990,8447,15783
4991,8373,14790
4992,8299,12887
4993,8276,10374
4994,8278,7597
4995,8125,4566
4996,8127,2569
4997,8084,1133
4998,8121,806
4999,8124,1690
5000,8164,3612
5001,8211,6306
5002,8255,8945
5003,8401,11835
5004,8384,14087
5005,8405,15486
5006,8464,15796
5007,8374,14710
5008,8307,12979
5009,8250,10350
5010,8280,7706
5011,8170,4640
5012,8168,2636
5013,8082,1127
5014,8098,887
5015,8168,1570
5016,8170,3588
5017,8246,6228
5018,8293,9051
5019,8314,11774
5020,8396,14174
5021,8372,15467
5022,8397,15705
5023,8381,14809
5024,8380,12985
5025,8285,10421
5026,8312,7553
5027,8129,4574
5028,8126,2446
5029,8050,1167
5030,8102,811
5031,8107,1767
5032,8185,3689
5033,8331,6395
5034,8292,8925
5035,8357,11834
5036,8402,14212
5037,8406,15482
5038,8352,15573
5039,8425,14825
5040,8367,13223
5041,8286,10293
5042,8202,7669
5043,8159,4624
5044,8126,2572
5045,8124,1171
5046,8139,882
5047,8085,1452
5048,8167,3596
5049,8186,6261
5050,8275,8945
5051,8350,11938
5052,8459,14190
5053,8422,15481
5054,8479,15624
5055,8360,14754
5056,8279,12907
5057,8250,10504
5058,8266,7460
5059,8160,4564
5060,8097,2355
5061,8119,1285
5062,8095,786
5063,8130,1664
5064,8177,3724
5065,8247,6252
5066,8306,9037
5067,8327,11891
5068,8382,14158
5069,8411,15580
5070,8357,15660
5071,8399,14675
5072,8385,13159
5073,8381,10403
5074,8207,7457
5075,8178,4716
5076,8140,2513
5077,8114,1122
5078,8124,833
5079,8059,1623
5080,8125,3657
5081,8170,6123
5082,8373,9068
5083,8344,11693
5084,8382,14146
5085,8407,15497
5086,8458,15661
5087,8479,15070
5088,8330,12956
5089,8243,10366
5090,8201,7594
5091,8191,4609
5092,8169,2520
5093,8043,1043
5094,8158,895
5095,8013,1624
5096,8202,3791
5097,8180,6081
5098,8326,9152
5099,8363,11746
5100,8424,14099
5101,8385,15610
5102,8395,15754
5103,8379,15020
5104,8366,13038
5105,8286,10409
5106,8280,7357
5107,8189,4680
5108,8129,2520
5109,8004,1069
5110,8024,809
5111,8029,1642
5112,8182,3627
5113,8357,6280
5114,8500,9107
5115,8465,11738
5116,8339,14013
5117,8246,15498
5118,8311,15697
5119,8341,14929
5120,8364,13158
5121,8361,10366
5122,8308,7387
5123,8225,4764
5124,8121,2422
5125,8118,1116
5126,8128,893
5127,8062,1792
5128,8074,3591
5129,8228,6372
5130,8254,8990
5131,8441,11845
5132,8486,14191
5133,8489,15510
5134,8430,15703
5135,8349,14910
5136,8227,12928
5137,8177,10419
5138,8262,7613
5139,8268,4786
5140,8206,2418
5141,8104,1067
5142,8098,904
5143,8055,1730
5144,8211,3663
5145,8233,6225
5146,8285,8935
5147,8335,11780
5148,8440,14237
5149,8387,15557
5150,8403,15577
5151,8429,14824
5152,8424,13045
5153,8351,10504
5154,8253,7687
5155,8212,4806
5156,8061,2376
5157,8150,1282
5158,8102,778
5159,8086,1731
5160,8153,3541
5161,8266,6244
5162,8314,9173
5163,8405,11950
5164,8450,14135
5165,8413,15428
5166,8348,15724
5167,8382,14798
5168,8244,12952
5169,8250,10386
5170,8272,7528
5171,8173,4679
5172,8143,2500
5173,8113,1198
5174,8062,846
5175,8134,1725
5176,8222,3570
5177,8277,6212
5178,8334,9119
5179,8262,11788
5180,8378,14125
5181,8401,15557
5182,8412,15675
5183,8348,14771
5184,8441,13280
5185,8364,10450
5186,8181,7472
5187,8097,4662
5188,8084,2440
5189,8136,1163
5190,8129,933
5191,8225,1562
5192,8155,3565
5193,8270,6101
5194,8262,9072
5195,8357,11872
5196,8372,14179
5197,8401,15286
5198,8378,15742
5199,8418,14983
5200,8377,13057
5201,8299,10283
5202,8169,7559
5203,8160,4718
5204,8120,2319
5205,8165,1193
5206,8110,861
5207,8160,1568
5208,8157,3676
5209,8230,6006
5210,8172,8988
5211,8318,11979
5212,8404,14122
5213,8466,15501
5214,8337,15671
5215,8439,15040
5216,8344,13067
5217,8242,10335
5218,8196,7514
5219,8167,4647
5220,8135,2404
5221,8137,1149
5222,8127,788
5223,8101,1682
5224,8227,3627
5225,8222,6224
5226,8286,9037
5227,8332,11872
5228,8369,14145
5229,8405,15515
5230,8426,15655
5231,8409,14826
5232,8393,13084
5233,8360,10405
5234,8148,7355
5235,8113,4685
5236,8132,2519
5237,8116,1025
5238,8137,861
5239,8094,1622
5240,8131,3557
5241,8200,6157
5242,8357,9189
5243,8314,11791
5244,8400,14140
5245,8370,15387
5246,8419,15759
5247,8382,14874
5248,8305,12779
5249,8215,10264
5250,8227,7557
5251,8196,4724
5252,8219,2381
5253,8098,954
5254,8067,790
5255,8100,1669
5256,8163,3643
5257,8233,6015
5258,8221,8988
5259,8363,12082
5260,8415,14175
5261,8454,15453
5262,8364,15746
5263,8394,14898
5264,8334,12954
5265,8307,10464
5266,8244,7471
5267,8255,4705
5268,8079,2597
5269,8117,1094
5270,8071,877
5271,7999,1688
5272,8105,3559
5273,8253,6258
5274,8388,9094
5275,8417,11868
5276,8475,14123
5277,8323,15478
5278,8347,15738
5279,8278,14771
5280,8370,13217
5281,8326,10512
5282,8274,7425
5283,8242,4734
5284,8135,2455
5285,8154,1215
5286,8042,925
5287,8170,1755
5288,8179,3545
5289,8247,6071
5290,8348,9229
5291,8347,11819
5292,8429,14182
5293,8410,15429
5294,8398,15692
5295,8368,14887
5296,8341,12974
5297,8307,10222
5298,8300,7636
5299,8187,4586
5300,8146,2581
5301,7969,997
5302,8041,896
5303,8101,1840
5304,8237,3523
5305,8233,6252
5306,8332,8940
5307,8349,11994
5308,8374,14147
5309,8373,15378
5310,8359,15717
5311,8311,14714
5312,8363,13213
5313,8264,10291
5314,8226,7530
5315,8161,4717
5316,8212,2573
5317,8117,1035
5318,8099,994
5319,8101,1530
5320,8123,3507
5321,8190,6265
5322,8236,9052
5323,8380,12090
5324,8540,14253
5325,8503,15456
5326,8403,15656
5327,8389,14807
5328,8379,13037
5329,8215,10399
5330,8221,7585
5331,8149,4706
5332,8163,2495
5333,8192,1198
5334,8099,786
5335,8093,1596
5336,8141,3672
5337,8199,6140
5338,8310,9128
5339,8399,11818
5340,8409,14202
5341,8353,15314
5342,8414,15775
5343,8412,14977
5344,8336,13023
5345,8296,10435
5346,8199,7455
5347,8195,4771
5348,8088,2465
5349,8090,1118
5350,8047,792
5351,8177,1708
5352,8174,3608
5353,8244,6219
5354,8240,8995
5355,8324,11886
5356,8431,14205
5357,8410,15490
5358,8456,15706
5359,8335,14750
5360,8373,13060
5361,8273,10439
5362,8222,7490
5363,8128,4666
5364,8149,2535
5365,8131,1156
5366,8073,788
5367,8125,1686
5368,8213,3606
5369,8310,6187
5370,8277,9048
5371,8365,11845
5372,8350,14114
5373,8334,15429
5374,8365,15595
5375,8437,14908
5376,8461,12929
5377,8370,10346
5378,8293,7651
5379,8216,4748
5380,8066,2398
5381,7982,1033
5382,8068,957
5383,8079,1602
5384,8239,3574
5385,8296,6089
5386,8392,9042
5387,8371,11733
5388,8375,14121
5389,8324,15521
5390,8363,15707
5391,8380,15013
5392,8381,12977
5393,8292,10397
5394,8269,7450
5395,8253,4819
5396,8122,2396
5397,8055,1139
5398,7987,906
5399,8125,1657
5400,8213,3603
5401,8240,6144
5402,8273,8968
5403,8375,11880
5404,8443,14269
5405,8368,15402
5406,8443,15694
5407,8383,14871
5408,8324,12974
5409,8273,10379
5410,8235,7564
5411,8174,4618
5412,8137,2425
5413,8162,1070
5414,8157,973
5415,8106,1746
5416,8178,3664
5417,8141,5983
5418,8278,9085
5419,8377,11861
5420,8362,14075
5421,8441,15498
5422,8378,15661
5423,8456,14887
5424,8378,12997
5425,8258,10348
5426,8225,7655
5427,8138,4611
5428,8164,2502
5429,8162,1249
5430,8094,878
5431,8149,1624
5432,8115,3598
5433,8190,6069
5434,8217,9050
5435,8338,11885
5436,8378,14038
5437,8416,15549
5438,8449,15652
5439,8452,15088
5440,8353,13009
5441,8288,10450
5442,8208,7585
5443,8170,4707
5444,8118,2458
5445,8116,1192
5446,8092,852
5447,8122,1559
5448,8102,3589
5449,8238,6045
5450,8264,9007
5451,8388,11874
5452,8476,14133
5453,8478,15375
5454,8449,15709
5455,8402,14955
5456,8355,12962
5457,8214,10361
5458,8166,7534
5459,8116,4609
5460,8186,2516
5461,8169,1134
5462,8193,907
5463,8111,1467
5464,8196,3667
5465,8134,6131
5466,8266,9142
5467,8408,11869
5468,8470,14223
5469,8433,15482
5470,8427,15614
5471,8368,14961
5472,8328,13047
5473,8189,10364
5474,8222,7632
5475,8184,4684
5476,8248,2579
5477,8111,1115
5478,8195,923
5479,8143,1697
5480,8137,3708
5481,8161,6287
5482,8250,8926
5483,8414,12023
5484,8481,14201
5485,8428,15517
5486,8385,15570
5487,8268,14871
5488,8239,13168
5489,8227,10514
5490,8298,7456
5491,8270,4682
5492,8213,2424
5493,8169,1109
5494,8130,854
5495,8035,1601
5496,8140,3609
5497,8224,6170
5498,8313,9061
5499,8428,11821
5500,8495,14189
5501,8441,15513
5502,8423,15751
5503,8369,14785
5504,8253,12926
5505,8306,10454
5506,8251,7439
5507,8158,4614
5508,8165,2568
5509,8108,1182
5510,8105,714
5511,8097,1709
5512,8140,3592
5513,8250,6193
5514,8329,9157
5515,8404,11926
5516,8337,14116
5517,8330,15420
5518,8384,15697
5519,8329,14793
5520,8377,13080
5521,8286,10337
5522,8291,7465
5523,8196,4579
5524,8082,2513
5525,8048,1129
5526,7990,767
5527,8080,1506
5528,8203,3659
5529,8316,6165
5530,8354,9018
5531,8376,11674
5532,8364,14115
5533,8397,15564
5534,8456,15732
5535,8352,14807
5536,8383,13080
5537,8279,10546
5538,8317,7540
5539,8206,4687
5540,8196,2437
5541,8079,1218
5542,8047,866
5543,8096,1629
5544,8150,3614
5545,8323,6102
5546,8375,9089
5547,8391,11939
5548,8389,14083
5549,8346,15387
5550,8311,15736
5551,8364,14929
5552,8336,12913
5553,8371,10396
5554,8308,7563
5555,8200,4566
5556,8002,2396
5557,8040,1099
5558,8031,864
5559,8072,1720
5560,8200,3660
5561,8329,6217
5562,8362,8952
5563,8366,11753
5564,8322,14115
5565,8424,15538
5566,8437,15709
5567,8409,14797
5568,8383,13198
5569,8325,10445
5570,8258,7518
5571,8126,4743
5572,8000,2346
5573,8046,1157
5574,8077,975
5575,8218,1739
5576,8259,3520
5577,8233,6151
5578,8345,9048
5579,8367,11885
5580,8376,14113
5581,8309,15450
5582,8422,15838
5583,8360,14687
5584,8366,13068
5585,8334,10459
5586,8246,7737
5587,8125,4705
5588,8215,2737
5589,8124,1077
5590,8104,937
5591,8077,1686
5592,8066,3544
5593,8166,6248
5594,8344,9223
5595,8424,11751
5596,8477,14194
5597,8490,15544
5598,8457,15761
5599,8268,14825
5600,8213,12926
5601,8242,10570
5602,8224,7501
5603,8303,4766
5604,8209,2431
5605,8189,1078
5606,8077,805
5607,8054,1698
5608,8063,3637
5609,8225,6340
5610,8300,8965
5611,8365,11918
5612,8514,14186
5613,8435,15557
5614,8366,15757
5615,8374,14949
5616,8383,13094
5617,8284,10382
5618,8218,7513
5619,8080,4709
5620,8133,2586
5621,8092,1115
5622,8132,900
5623,8129,1689
5624,8185,3558
5625,8253,6136
5626,8352,9124
5627,8316,11831
5628,8402,14229
5629,8371,15537
5630,8373,15660
5631,8371,14960
5632,8381,13145
5633,8286,10334
5634,8263,7590
5635,8160,4672
5636,8154,2490
5637,8109,1096
5638,8120,916
5639,8149,1573
5640,8223,3647
5641,8239,6033
5642,8196,8984
5643,8329,11955
5644,8334,14253
5645,8420,15607
5646,8464,15622
5647,8471,15094
5648,8392,12973
5649,8315,10381
5650,8203,7543
5651,8054,4788
5652,8012,2502
5653,8083,1187
5654,8249,909
5655,8158,1714
5656,8305,3659
5657,8170,6128
5658,8273,9100
5659,8263,11978
5660,8364,14203
5661,8388,15496
5662,8419,15656
5663,8473,15170
5664,8369,12983
5665,8329,10390
5666,8188,7498
5667,8093,4795
5668,8012,2476
5669,8095,1149
5670,8088,862
5671,8239,1781
5672,8216,3472
5673,8290,6205
5674,8298,9073
5675,8257,11952
5676,8340,14182
5677,8340,15549
5678,8363,15807
5679,8439,14857
5680,8473,13087
5681,8310,10377
5682,8215,7563
5683,8092,4733
5684,8102,2506
5685,8069,1041
5686,8094,917
5687,8159,1742
5688,8214,3636
5689,8287,6094
5690,8304,9040
5691,8364,11937
5692,8333,14245
5693,8375,15620
5694,8405,15665
5695,8388,14943
5696,8410,12892
5697,8388,10508
5698,8306,7477
5699,8105,4537
5700,8080,2490
5701,8113,1147
5702,8061,846
5703,8146,1771
5704,8177,3523
5705,8297,6307
5706,8298,9058
5707,8356,11943
5708,8393,14131
5709,8437,15509
5710,8435,15860
5711,8471,14852
5712,8478,13143
5713,8323,10384
5714,8161,7488
5715,7980,4593
5716,7937,2531
5717,7967,1061
5718,8090,970
5719,8321,1904
5720,8313,3614
5721,8398,6136
5722,8297,9168
5723,8262,11709
5724,8342,14194
5725,8372,15613
5726,8290,15597
5727,8456,15148
5728,8421,13046
5729,8377,10370
5730,8227,7579
5731,8128,4693
5732,8130,2529
5733,8129,1188
5734,8123,959
5735,8064,1603
5736,8180,3661
5737,8255,6099
5738,8310,9053
5739,8384,11974
5740,8379,14017
5741,8422,15430
5742,8333,15746
5743,8388,14879
5744,8378,12841
5745,8392,10577
5746,8209,7486
5747,8209,4616
5748,8106,2400
5749,8134,1060
5750,7999,829
5751,8069,1740
5752,8127,3584
5753,8264,6160
5754,8308,9056
5755,8406,11832
5756,8317,14017
5757,8423,15589
5758,8291,15652
5759,8430,14895
5760,8310,13011
5761,8347,10417
5762,8225,7510
5763,8281,4669
5764,8120,2464
5765,8116,1120
5766,8009,853
5767,8080,1724
5768,8232,3669
5769,8266,6112
5770,8346,9150
5771,8369,11885
5772,8476,14200
5773,8383,15435
5774,8334,15717
5775,8299,15002
5776,8291,12894
5777,8281,10339
5778,8319,7723
5779,8277,4717
5780,8306,2581
5781,8106,1208
5782,8086,774
5783,7993,1606
5784,8066,3589
5785,8199,6210
5786,8306,9068
5787,8473,12003
5788,8485,13994
5789,8434,15461
5790,8428,15841
5791,8334,14815
5792,8273,13127
5793,8207,10380
5794,8281,7622
5795,8248,4659
5796,8193,2512
5797,8148,1098
5798,8045,852
5799,8096,1695
5800,8100,3597
5801,8179,5987
5802,8300,9231
5803,8390,11753
5804,8496,14087
5805,8450,15453
5806,8422,15783
5807,8323,14824
5808,8359,12938
5809,8286,10438
5810,8199,7561
5811,8202,4638
5812,8180,2615
5813,8151,1167
5814,8087,885
5815,8106,1591
5816,8164,3633
5817,8252,6057
5818,8294,9051
5819,8382,11895
5820,8412,14074
5821,8434,15482
5822,8410,15795
5823,8353,14956
5824,8368,12985
5825,8237,10302
5826,8218,7635
5827,8166,4639
5828,8184,2549
5829,8150,1196
5830,8084,891
5831,8146,1763
5832,8119,3671
5833,8215,6191
5834,8254,9051
5835,8396,11868
5836,8401,14098
5837,8442,15497
5838,8389,15669
5839,8404,14801
5840,8340,13262
5841,8321,10546
5842,8164,7435
5843,8188,4716
5844,8155,2485
5845,8105,1190
5846,8097,905
5847,8128,1791
5848,8168,3496
5849,8191,6144
5850,8252,9153
5851,8424,11890
5852,8451,14140
5853,8477,15410
5854,8389,15781
5855,8334,14808
5856,8369,13281
5857,8294,10579
5858,8303,7440
5859,8186,4520
5860,8182,2547
5861,8114,1187
5862,8003,875
5863,8088,1493
5864,8140,3582
5865,8234,6182
5866,8309,9103
5867,8438,11810
5868,8491,14153
5869,8384,15494
5870,8423,15778
5871,8346,14794
5872,8229,12923
5873,8206,10394
5874,8262,7515
5875,8309,4800
5876,8182,2433
5877,8088,1095
5878,8053,841
5879,8106,1765
5880,8111,3544
5881,8142,6270
5882,8276,9024
5883,8445,11920
5884,8484,14141
5885,8520,15558
5886,8426,15743
5887,8382,14678
5888,8235,13074
5889,8147,10481
5890,8250,7569
5891,8233,4761
5892,8179,2456
5893,8090,1056
5894,8119,920
5895,8128,1753
5896,8160,3623
5897,8226,6446
5898,8284,9084
5899,8414,11701
5900,8408,14177
5901,8508,15465
5902,8418,15707
5903,8406,14841
5904,8284,13069
5905,8225,10451
5906,8204,7561
5907,8192,4609
5908,8214,2572
5909,8112,1202
5910,8121,855
5911,8121,1758
5912,8127,3680
5913,8190,6166
5914,8217,9015
5915,8334,11876
5916,8377,14177
5917,8446,15559
5918,8495,15708
5919,8494,14837
5920,8344,12890
5921,8295,10519
5922,8137,7426
5923,8116,4644
5924,8091,2529
5925,8137,1294
5926,8105,807
5927,8162,1713
5928,8210,3699
5929,8191,6093
5930,8276,9153
5931,8416,11834
5932,8418,14104
5933,8409,15495
5934,8367,15664
5935,8373,14984
5936,8381,13018
5937,8345,10551
5938,8258,7539
5939,8121,4584
5940,8137,2560
5941,8028,1146
5942,8103,903
5943,8125,1663
5944,8257,3630
5945,8226,6284
5946,8345,9057
5947,8339,11757
5948,8380,14179
5949,8324,15302
5950,8453,15770
5951,8408,14960
5952,8366,12926
5953,8277,10383
5954,8231,7610
5955,8215,4839
5956,8137,2530
5957,8083,999
5958,8119,886
5959,8098,1667
5960,8178,3775
5961,8213,6127
5962,8348,9142
5963,8360,11865
5964,8368,14117
5965,8417,15516
5966,8370,15774
5967,8384,14815
5968,8358,13021
5969,8336,10461
5970,8223,7487
5971,8157,4708
5972,8055,2592
5973,8125,1198
5974,8082,843
5975,8072,1609
5976,8159,3692
5977,8274,6262
5978,8301,9084
5979,8377,11930
5980,8426,14110
5981,8437,15554
5982,8379,15690
5983,8354,14818
5984,8319,13057
5985,8249,10378
5986,8330,7558
5987,8150,4648
5988,8175,2481
5989,8212,1295
5990,8089,809
5991,8099,1666
5992,8204,3722
5993,8222,6097
5994,8293,9155
5995,8372,11802
5996,8409,14267
5997,8448,15511
5998,8447,15706
5999,8352,14903
6000,8369,13029
6001,8251,10306
6002,8206,7357
6003,8251,4622
6004,8146,2433
6005,8182,1113
6006,8048,819
6007,8097,1560
6008,8186,3645
6009,8202,6204
6010,8338,9138
6011,8343,11838
6012,8392,14094
6013,8453,15619
6014,8402,15697
6015,8448,14885
6016,8293,13052
6017,8255,10346
6018,8257,7646
6019,8187,4709
6020,8089,2521
6021,8137,1171
6022,8111,888
6023,8056,1513
6024,8164,3740
6025,8216,6101
6026,8318,9043
6027,8407,11929
6028,8436,14098
6029,8374,15465
6030,8372,15840
6031,8366,14910
6032,8352,12955
6033,8289,10369
6034,8303,7534
6035,8221,4651
6036,8153,2567
6037,8166,1054
6038,8108,837
6039,8018,1699
6040,8123,3614
6041,8204,6086
6042,8278,9093
6043,8403,11883
6044,8456,14110
6045,8445,15493
6046,8388,15696
6047,8405,15086
6048,8292,13016
6049,8254,10317
6050,8299,7672
6051,8139,4649
6052,8187,2571
6053,8035,1081
6054,8157,875
6055,8047,1574
6056,8164,3721
6057,8198,6083
6058,8259,9004
6059,8356,11917
6060,8410,14126
6061,8457,15469
6062,8419,15791
6063,8388,14945
6064,8330,12999
6065,8270,10380
6066,8168,7538
6067,8150,4649
6068,8150,2638
6069,8179,1050
6070,8146,867
6071,8122,1702
6072,8091,3568
6073,8168,6121
6074,8240,9070
6075,8364,11945
6076,8476,14213
6077,8492,15589
6078,8461,15725
6079,8440,15027
6080,8282,12921
6081,8260,10502
6082,8171,7557
6083,8157,4688
6084,8132,2409
6085,8137,1180
6086,8133,843
6087,8151,1740
6088,8191,3709
6089,8211,6050
6090,8311,9052
6091,8349,12011
6092,8370,14022
6093,8372,15473
6094,8397,15652
6095,8409,15016
6096,8366,12942
6097,8346,10375
6098,8270,7566
6099,8124,4741
6100,8135,2521
6101,8115,1091
6102,8148,856
6103,8058,1697
6104,8190,3716
6105,8203,6114
6106,8369,9203
6107,8339,11777
6108,8429,14206
6109,8361,15546
6110,8434,15717
6111,8411,14934
6112,8344,12889
6113,8301,10241
6114,8228,7601
6115,8136,4724
6116,8080,2517
6117,8101,1197
6118,8150,793
6119,8191,1810
6120,8214,3769
6121,8278,6188
6122,8237,8952
6123,8312,11975
6124,8324,14119
6125,8426,15600
6126,8470,15728
6127,8443,14844
6128,8444,13005
6129,8300,10400
6130,8247,7574
6131,8149,4820
6132,8076,2394
6133,8052,1155
6134,8114,835
6135,8205,1832
6136,8190,3602
6137,8288,6172
6138,8332,8928
6139,8274,11889
6140,8321,14084
6141,8437,15553
6142,8354,15604
6143,8426,14876
6144,8418,13076
6145,8305,10318
6146,8236,7519
6147,8099,4601
6148,8136,2603
6149,8106,1133
6150,8136,919
6151,8042,1647
6152,8241,3694
6153,8291,6338
6154,8306,8940
6155,8321,11844
6156,8376,14193
6157,8363,15403
6158,8320,15633
6159,8393,14934
6160,8395,13117
6161,8414,10449
6162,8273,7595
6163,8232,4721
6164,8125,2549
6165,8064,1163
6166,8053,907
6167,8051,1665
6168,8101,3641
6169,8246,6083
6170,8319,9109
6171,8492,11937
6172,8367,14126
6173,8402,15446
6174,8405,15706
6175,8402,15138
6176,8333,13025
6177,8351,10421
6178,8221,7449
6179,8199,4603
6180,8113,2421
6181,8097,1192
6182,8086,923
6183,8121,1667
6184,8175,3594
6185,8281,6255
6186,8266,9013
6187,8384,11967
6188,8386,14183
6189,8423,15554
6190,8384,15698
6191,8358,14746
6192,8452,13266
6193,8253,10443
6194,8178,7520
6195,8107,4694
6196,8132,2551
6197,8078,1229
6198,8146,920
6199,8089,1685
6200,8195,3646
6201,8282,6286
6202,8348,9141
6203,8369,11857
6204,8370,14167
6205,8320,15467
6206,8440,15706
6207,8381,14949
6208,8391,13099
6209,8274,10330
6210,8263,7627
6211,8220,4836
6212,8105,2505
6213,8080,1087
6214,8137,1002
6215,8129,1649
6216,8204,3632
6217,8178,6068
6218,8297,9259
6219,8323,11819
6220,8464,14188
6221,8420,15358
6222,8427,15798
6223,8354,15029
6224,8367,12899
6225,8294,10388
6226,8202,7650
6227,8173,4865
6228,8177,2491
6229,8143,1066
6230,8078,894
6231,8110,1697
6232,8186,3676
6233,8209,6306
6234,8227,9047
6235,8409,11828
6236,8476,14125
6237,8425,15559
6238,8327,15603
6239,8346,14833
6240,8407,13014
6241,8278,10417
6242,8233,7613
6243,8221,4801
6244,8182,2414
6245,8066,1233
6246,8030,914
6247,8119,1694
6248,8192,3662
6249,8259,6168
6250,8315,8930
6251,8399,11957
6252,8377,14132
6253,8398,15584
6254,8438,15679
6255,8454,14846
6256,8356,13049
6257,8325,10496
6258,8163,7500
6259,8215,4811
6260,8049,2383
6261,8144,1186
6262,8087,892
6263,8171,1757
6264,8165,3588
6265,8206,6161
6266,8225,9112
6267,8374,11934
6268,8434,14192
6269,8462,15501
6270,8397,15716
6271,8400,14875
6272,8293,12891
6273,8207,10340
6274,8175,7609
6275,8225,4715
6276,8220,2394
6277,8177,1022
6278,8148,940
6279,8097,1622
6280,8135,3727
6281,8190,6129
6282,8256,9080
6283,8388,12010
6284,8462,14106
6285,8473,15594
6286,8484,15821
6287,8371,14946
6288,8351,13040
6289,8225,10430
6290,8202,7542
6291,8088,4586
6292,8191,2569
6293,8069,1116
6294,8153,947
6295,8182,1659
6296,8247,3505
6297,8240,6194
6298,8255,9185
6299,8400,11868
6300,8394,14200
6301,8430,15343
6302,8373,15680
6303,8401,14734
6304,8365,12986
6305,8327,10349
6306,8288,7603
6307,8170,4709
6308,8029,2376
6309,8031,1188
6310,8132,961
6311,8139,1524
6312,8202,3730
6313,8266,6193
6314,8260,9068
6315,8305,11923
6316,8439,14243
6317,8420,15589
6318,8415,15706
6319,8364,14764
6320,8356,12983
6321,8183,10343
6322,8247,7616
6323,8249,4672
6324,8166,2341
6325,8218,1191
6326,8103,876
6327,8084,1619
6328,8141,3767
6329,8167,6258
6330,8336,9079
6331,8405,11812
6332,8509,14227
6333,8411,15360
6334,8428,15813
6335,8349,14680
6336,8292,13098
6337,8266,10455
6338,8245,7574
6339,8224,4710
6340,8266,2654
6341,8146,1133
6342,8114,820
6343,8100,1738
6344,8060,3558
6345,8224,6125
6346,8325,9088
6347,8403,11799
6348,8425,14134
6349,8481,15607
6350,8389,15697
6351,8407,14927
6352,8343,12989
6353,8216,10173
6354,8243,7642
6355,8171,4617
6356,8161,2558
6357,8071,1040
6358,8108,985
6359,8133,1781
6360,8165,3769
6361,8232,6085
6362,8330,9135
6363,8373,11803
6364,8394,14221
6365,8418,15642
6366,8369,15654
6367,8373,15051
6368,8350,13054
6369,8239,10254
6370,8285,7719
6371,8226,4836
6372,8085,2305
6373,8087,1150
6374,8134,870
6375,8184,1788
6376,8148,3599
6377,8272,6285
6378,8265,9183
6379,8379,11849
6380,8461,14254
6381,8348,15523
6382,8394,15688
6383,8444,14868
6384,8442,13054
6385,8246,10249
6386,8261,7681
6387,8114,4678
6388,8158,2519
6389,8052,1137
6390,8116,893
6391,8110,1617
6392,8245,3710
6393,8248,6124
6394,8290,9021
6395,8303,11855
6396,8346,14123
6397,8420,15506
6398,8406,15641
6399,8436,15143
6400,8392,12999
6401,8361,10343
6402,8216,7570
6403,8132,4910
6404,8087,2432
6405,8048,1183
6406,8155,939
6407,8198,1723
6408,8189,3712
6409,8241,6236
6410,8244,9155
6411,8360,11817
6412,8390,14230
6413,8473,15448
6414,8467,15793
6415,8427,14648
6416,8401,13329
6417,8314,10465
6418,8271,7658
6419,8122,4523
6420,8076,2593
6421,8098,1185
6422,8100,805
6423,8181,1731
6424,8224,3744
6425,8253,6113
6426,8357,9131
6427,8345,11939
6428,8359,14082
6429,8315,15506
6430,8432,15846
6431,8353,14860
6432,8473,12890
6433,8274,10336
6434,8310,7601
6435,8109,4691
6436,8076,2582
6437,8063,1248
6438,8104,834
6439,8158,1693
6440,8162,3636
6441,8326,6355
6442,8332,9022
6443,8317,11950
6444,8390,14171
6445,8344,15507
6446,8419,15680
6447,8425,14821
6448,8370,13010
6449,8218,10323
6450,8300,7574
6451,8137,4744
6452,8124,2546
6453,8134,1166
6454,8102,827
6455,8105,1650
6456,8253,3818
6457,8252,6306
6458,8256,9006
6459,8420,11969
6460,8391,14096
6461,8379,15469
6462,8339,15711
6463,8405,14892
6464,8408,13061
6465,8363,10480
6466,8247,7426
6467,8102,4512
6468,8095,2430
6469,8057,1195
6470,8100,932
6471,8196,1895
6472,8179,3534
6473,8276,6316
6474,8274,9148
6475,8357,11877
6476,8402,14253
6477,8394,15546
6478,8359,15722
6479,8405,14804
6480,8332,13151
6481,8326,10332
6482,8230,7630
6483,8246,4804
6484,8114,2457
6485,8055,1138
6486,8133,820
6487,8166,1739
6488,8126,3655
6489,8157,6160
6490,8252,9063
6491,8418,11949
6492,8515,14230
6493,8436,15491
6494,8356,15617
6495,8334,14822
6496,8328,13235
6497,8332,10562
6498,8241,7411
6499,8171,4577
6500,8158,2486
6501,8152,1237
6502,8147,875
6503,8058,1586
6504,8036,3549
6505,8246,6380
6506,8319,8974
6507,8409,11937
6508,8429,14138
6509,8445,15497
6510,8447,15799
6511,8368,14797
6512,8265,12931
6513,8280,10462
6514,8290,7495
6515,8180,4665
6516,8129,2489
6517,8133,1166
6518,8138,915
6519,8114,1634
6520,8150,3565
6521,8157,6155
6522,8314,9186
6523,8382,11920
6524,8445,14162
6525,8373,15523
6526,8438,15729
6527,8386,14785
6528,8370,13254
6529,8292,10527
6530,8228,7348
6531,8213,4616
6532,8154,2497
6533,8141,1209
6534,8094,856
6535,8158,1626
6536,8115,3582
6537,8190,6211
6538,8294,9124
6539,8398,12037
6540,8424,14128
6541,8432,15518
6542,8362,15683
6543,8370,14715
6544,8440,13219
6545,8311,10465
6546,8210,7390
6547,8076,4563
6548,8099,2499
6549,8066,1102
6550,8128,978
6551,8140,1772
6552,8251,3583
6553,8338,6273
6554,8299,9117
6555,8298,11747
6556,8329,14206
6557,8352,15484
6558,8326,15603
6559,8389,14827
6560,8445,13086
6561,8392,10420
6562,8269,7356
6563,8147,4587
6564,8025,2443
6565,8033,1206
6566,8053,764
6567,8157,1794
6568,8203,3691
6569,8288,6209
6570,8289,9030
6571,8373,11921
6572,8356,14104
6573,8374,15502
6574,8444,15732
6575,8411,14843
6576,8320,12882
6577,8266,10407
6578,8265,7565
6579,8098,4721
6580,8105,2421
6581,8111,1128
6582,8214,767
6583,8125,1679
6584,8188,3682
6585,8154,5993
6586,8224,9148
6587,8305,11857
6588,8371,14111
6589,8471,15591
6590,8448,15680
6591,8440,14959
6592,8462,13087
6593,8265,10270
6594,8196,7464
6595,8102,4694
6596,8153,2631
6597,8078,1169
6598,8177,867
6599,8108,1782
6600,8185,3763
6601,8207,6146
6602,8205,9056
6603,8347,12038
6604,8370,14155
6605,8507,15474
6606,8394,15682
6607,8428,14752
6608,8350,13060
6609,8267,10336
6610,8175,7501
6611,8099,4680
6612,8161,2601
6613,8175,1245
6614,8130,777
6615,8126,1718
6616,8158,3633
6617,8220,6152
6618,8229,9085
6619,8363,11907
6620,8441,14045
6621,8393,15493
6622,8405,15650
6623,8348,14784
6624,8398,12979
6625,8335,10322
6626,8202,7411
6627,8171,4728
6628,8098,2424
6629,8155,1224
6630,8122,918
6631,8140,1726
6632,8176,3617
6633,8231,6338
6634,8251,8967
6635,8298,12018
6636,8424,14149
6637,8522,15591
6638,8422,15542
6639,8393,14870
6640,8309,12891
6641,8333,10513
6642,8168,7532
6643,8167,4695
6644,8104,2462
6645,8134,1037
6646,8032,823
6647,8156,1786
6648,8161,3597
6649,8247,6233
6650,8329,9135
6651,8358,11890
6652,8376,14116
6653,8388,15461
6654,8388,15686
6655,8341,14788
6656,8405,13082
6657,8320,10378
6658,8161,7482
6659,8139,4743
6660,8103,2440
6661,8074,1148
6662,8095,865
6663,8162,1690
6664,8217,3656
6665,8309,6175
6666,8317,9134
6667,8328,11736
6668,8329,14051
6669,8408,15420
6670,8342,15697
6671,8401,14773
6672,8429,13141
6673,8400,10421
6674,8236,7457
6675,8139,4543
6676,8053,2490
6677,8075,1159
6678,8131,844
6679,8131,1672
6680,8219,3650
6681,8315,6273
6682,8238,9041
6683,8339,11909
6684,8431,14198
6685,8393,15454
6686,8357,15639
6687,8369,14879
6688,8431,13144
6689,8304,10290
6690,8269,7475
6691,8177,4579
6692,8094,2454
6693,8002,1068
6694,8058,1013
6695,8076,1586
6696,8280,3624
6697,8259,6282
6698,8330,8983
6699,8358,11927
6700,8335,14080
6701,8385,15446
6702,8354,15722
6703,8400,14896
6704,8359,13033
6705,8333,10437
6706,8240,7479
6707,8150,4557
6708,8124,2585
6709,8028,1062
6710,8110,974
6711,8195,1697
6712,8181,3499
6713,8268,6272
6714,8289,9031
6715,8371,11868
6716,8455,14237
6717,8457,15484
6718,8318,15629
6719,8397,14925
6720,8315,12890
6721,8287,10289
6722,8248,7582
6723,8209,4662
6724,8129,2513
6725,8149,1232
6726,8072,791
6727,8144,1677
6728,8170,3728
6729,8276,6342
6730,8351,9202
6731,8380,11811
6732,8459,14068
6733,8326,15539
6734,8370,15757
6735,8350,14803
6736,8364,12899
6737,8296,10279
6738,8342,7489
6739,8226,4587
6740,8070,2427
6741,8045,1165
6742,8069,841
6743,8108,1670
6744,8216,3660
6745,8289,6249
6746,8347,9068
6747,8376,11897
6748,8384,14147
6749,8356,15483
6750,8318,15723
6751,8364,14883
6752,8385,13031
6753,8323,10400
6754,8307,7639
6755,8210,4623
6756,8125,2450
6757,8051,1139
6758,8096,967
6759,8136,1695
6760,8125,3549
6761,8218,6062
6762,8312,9218
6763,8460,11788
6764,8497,14234
6765,8431,15551
6766,8328,15658
6767,8361,14960
6768,8309,13014
6769,8344,10430
6770,8188,7415
6771,8262,4534
6772,8210,2557
6773,8089,1112
6774,8016,865
6775,8065,1653
6776,8157,3686
6777,8335,6265
6778,8311,9076
6779,8405,11862
6780,8405,14240
6781,8468,15646
6782,8318,15648
6783,8396,14843
6784,8293,13067
6785,8286,10308
6786,8266,7671
6787,8278,4591
6788,8153,2478
6789,8138,1130
6790,8100,882
6791,8050,1450
6792,8126,3669
6793,8168,6095
6794,8295,9260
6795,8438,11821
6796,8471,14084
6797,8373,15458
6798,8377,15711
6799,8442,14959
6800,8365,12847
6801,8224,10406
6802,8211,7497
6803,8180,4504
6804,8197,2469
6805,8150,1110
6806,8162,883
6807,8173,1685
6808,8115,3581
6809,8155,6254
6810,8276,9221
6811,8315,11726
6812,8421,14130
6813,8443,15631
6814,8414,15646
6815,8359,14758
6816,8386,13070
6817,8264,10319
6818,8257,7453
6819,8164,4567
6820,8206,2518
6821,8088,1165
6822,8104,863
6823,8097,1611
6824,8156,3611
6825,8170,6198
6826,8285,9101
6827,8317,11828
6828,8479,14107
6829,8454,15506
6830,8425,15785
6831,8417,14913
6832,8305,12885
6833,8229,10343
6834,8221,7468
6835,8238,4758
6836,8104,2373
6837,8096,1038
6838,8092,747
6839,8184,1684
6840,8120,3594
6841,8265,6234
6842,8290,9070
6843,8395,11785
6844,8403,14163
6845,8378,15533
6846,8334,15598
6847,8464,14806
6848,8448,13119
6849,8357,10334
6850,8187,7417
6851,8150,4695
6852,8132,2487
6853,8112,1200
6854,8156,838
6855,8158,1693
6856,8140,3636
6857,8196,6167
6858,8307,9158
6859,8341,11873
6860,8405,14060
6861,8429,15521
6862,8505,15702
6863,8439,14765
6864,8297,12963
6865,8234,10262
6866,8232,7572
6867,8206,4678
6868,8089,2372
6869,8102,1218
6870,8154,891
6871,8177,1538
6872,8166,3581
6873,8191,6100
6874,8268,9141
6875,8401,11965
6876,8369,14118
6877,8414,15464
6878,8467,15814
6879,8412,14845
6880,8430,12958
6881,8273,10365
6882,8170,7306
6883,8104,4655
6884,8092,2366
6885,8154,1191
6886,8169,875
6887,8132,1617
6888,8183,3691
6889,8164,6205
6890,8284,9117
6891,8350,11866
6892,8422,14224
6893,8446,15452
6894,8396,15717
6895,8442,14832
6896,8319,13000
6897,8283,10391
6898,8226,7665
6899,8146,4507
6900,8158,2445
6901,8067,1192
6902,8099,884
6903,8126,1617
6904,8238,3666
6905,8234,6203
6906,8308,9085
6907,8396,12010
6908,8396,14094
6909,8372,15393
6910,8395,15740
6911,8374,14766
6912,8338,13021
6913,8349,10529
6914,8267,7483
6915,8135,4550
6916,8107,2491
6917,8106,1177
6918,8115,823
6919,8103,1752
6920,8239,3671
6921,8279,6310
6922,8314,9004
6923,8352,11846
6924,8248,14094
6925,8401,15607
6926,8440,15585
6927,8420,14845
6928,8377,13029
6929,8369,10525
6930,8198,7471
6931,8159,4674
6932,8115,2460
6933,8147,1178
6934,8066,845
6935,8129,1663
6936,8213,3622
6937,8283,6270
6938,8293,9175
6939,8342,11894
6940,8406,14111
6941,8429,15568
6942,8406,15606
6943,8346,14837
6944,8352,13156
6945,8244,10328
6946,8222,7552
6947,8213,4728
6948,8132,2393
6949,8112,1166
6950,8102,906
6951,8069,1608
6952,8152,3710
6953,8235,6274
6954,8365,9143
6955,8313,11831
6956,8403,14263
6957,8418,15477
6958,8386,15676
6959,8371,14862
6960,8332,13031
6961,8260,10253
6962,8254,7491
6963,8276,4649
6964,8143,2382
6965,8030,1074
6966,8151,941
6967,8070,1735
6968,8093,3543
6969,8236,6275
6970,8367,9208
6971,8395,11907
6972,8390,14127
6973,8464,15471
6974,8339,15688
6975,8395,14883
6976,8274,12956
6977,8280,10269
6978,8276,7514
6979,8150,4656
6980,8096,2426
6981,8182,1166
6982,8130,897
6983,8102,1698
6984,8180,3675
6985,8232,6156
6986,8346,9087
6987,8318,11946
6988,8411,14223
6989,8404,15456
6990,8397,15515
6991,8399,14859
6992,8335,13024
6993,8314,10452
6994,8202,7381
6995,8236,4632
6996,8133,2405
6997,8121,1110
6998,8090,866
6999,8038,1692
7000,8122,3601
7001,8238,6204
7002,8353,9130
7003,8352,11890
7004,8446,14214
7005,8454,15662
7006,8382,15570
7007,8366,14827
7008,8321,12932
7009,8286,10232
7010,8208,7590
7011,8191,4678
7012,8072,2466
7013,8135,1151
7014,8132,914
7015,8113,1711
7016,8138,3623
7017,8225,6205
7018,8372,9217
7019,8370,11997
7020,8436,14313
7021,8301,15472
7022,8404,15695
7023,8307,14759
7024,8357,13127
7025,8313,10378
7026,8292,7583
7027,8245,4615
7028,8169,2559
7029,8073,1064
7030,8096,875
7031,8049,1718
7032,8195,3697
7033,8213,6241
7034,8365,9195
7035,8407,11876
7036,8453,14125
7037,8335,15542
7038,8390,15624
7039,8361,14855
7040,8382,13081
7041,8316,10358
7042,8284,7494
7043,8162,4754
7044,8138,2450
7045,8045,1118
7046,8025,862
7047,8058,1735
7048,8177,3671
7049,8322,6296
7050,8408,9111
7051,8379,11884
7052,8353,14097
7053,8333,15460
7054,8321,15763
7055,8414,14967
7056,8404,13049
7057,8335,10255
7058,8245,7453
7059,8196,4673
7060,8122,2493
7061,8050,983
7062,8022,835
7063,8132,1821
7064,8164,3680
7065,8330,6199
7066,8324,9102
7067,8364,11913
7068,8361,14120
7069,8442,15557
7070,8376,15658
7071,8379,14739
7072,8386,13142
7073,8267,10384
7074,8202,7420
7075,8153,4570
7076,8156,2474
7077,8113,1140
7078,8228,855
7079,8143,1761
7080,8165,3556
7081,8172,6257
7082,8215,9027
7083,8297,12056
7084,8505,14271
7085,8566,15654
7086,8488,15630
7087,8364,14684
7088,8209,12738
7089,8204,10527
7090,8149,7394
7091,8175,4618
7092,8192,2471
7093,8226,1215
7094,8091,785
7095,8125,1624
7096,8126,3637
7097,8207,6171
7098,8253,9070
7099,8348,11906
7100,8454,14165
7101,8446,15400
7102,8440,15728
7103,8441,14848
7104,8311,13033
7105,8281,10430
7106,8203,7523
7107,8112,4681
7108,8080,2466
7109,8092,1130
7110,8160,844
7111,8202,1763
7112,8265,3577
7113,8168,6042
7114,8208,9035
7115,8311,11877
7116,8443,14199
7117,8460,15472
7118,8408,15654
7119,8358,14895
7120,8322,12905
7121,8221,10359
7122,8195,7440
7123,8229,4678
7124,8136,2404
7125,8172,1143
7126,8110,843
7127,8041,1658
7128,8136,3747
7129,8180,6171
7130,8287,9140
7131,8332,11840
7132,8449,14157
7133,8404,15476
7134,8450,15873
7135,8356,14713
7136,8318,12894
7137,8291,10342
7138,8214,7400
7139,8134,4510
7140,8134,2469
7141,8092,1189
7142,8044,756
7143,8111,1786
7144,8185,3697
7145,8337,6288
7146,8311,9125
7147,8333,11811
7148,8385,14183
7149,8400,15531
7150,8374,15603
7151,8416,14850
7152,8428,13120
7153,8420,10359
7154,8245,7438
7155,8127,4624
7156,8041,2414
7157,8090,1222
7158,8110,988
7159,8184,1642
7160,8157,3557
7161,8216,6281
7162,8324,9205
7163,8400,11907
7164,8402,14215
7165,8343,15420
7166,8385,15670
7167,8391,14877
7168,8465,13081
7169,8319,10325
7170,8193,7453
7171,8170,4621
7172,8187,2459
7173,8121,1131
7174,8017,812
7175,8090,1721
7176,8189,3645
7177,8198,6160
7178,8248,9060
7179,8310,11846
7180,8421,14212
7181,8432,15520
7182,8389,15702
7183,8428,14893
7184,8335,13033
7185,8245,10374
7186,8218,7491
7187,8174,4546
7188,8154,2419
7189,8141,1072
7190,8108,853
7191,8048,1628
7192,8143,3571
7193,8297,6396
7194,8288,9049
7195,8440,12003
7196,8453,14168
7197,8389,15508
7198,8358,15741
7199,8374,14785
7200,8355,12955
7201,8234,10461
7202,8284,7484
7203,8224,4642
7204,8183,2374
7205,8019,1108
7206,8083,960
7207,8174,1677
7208,8160,3516
7209,8243,6271
7210,8285,9189
7211,8427,11886
7212,8421,14231
7213,8465,15464
7214,8398,15729
7215,8307,14699
7216,8336,13138
7217,8281,10334
7218,8234,7542
7219,8138,4525
7220,8167,2640
7221,8015,1039
7222,8037,911
7223,8087,1828
7224,8256,3687
7225,8268,6295
7226,8320,9199
7227,8375,11822
7228,8407,14237
7229,8350,15475
7230,8445,15730
7231,8400,14839
7232,8367,12978
7233,8218,10281
7234,8198,7543
7235,8181,4587
7236,8154,2340
7237,8177,1214
7238,8186,969
7239,8147,1541
7240,8191,3651
7241,8151,6346
7242,8226,9051
7243,8335,12077
7244,8453,14248
7245,8457,15625
7246,8484,15743
7247,8446,14802
7248,8409,13104
7249,8238,10332
7250,8193,7472
7251,8135,4538
7252,8133,2466
7253,8081,1164
7254,8129,956
7255,8231,1596
7256,8230,3560
7257,8245,6304
7258,8229,9088
7259,8243,11827
7260,8362,14265
7261,8352,15401
7262,8482,15778
7263,8409,14779
7264,8421,13092
7265,8264,10289
7266,8311,7702
7267,8104,4640
7268,8116,2519
7269,8042,1098
7270,8114,896
7271,8161,1566
7272,8125,3533
7273,8254,6178
7274,8252,9127
7275,8416,11811
7276,8350,14177
7277,8452,15589
7278,8407,15698
7279,8427,14777
7280,8305,13015
7281,8325,10360
7282,8245,7497
7283,8238,4760
7284,8072,2349
7285,8084,1164
7286,8032,804
7287,8207,1730
7288,8136,3619
7289,8288,6240
7290,8326,9126
7291,8395,11910
7292,8365,14197
7293,8404,15538
7294,8415,15645
7295,8391,14839
7296,8351,13057
7297,8313,10322
7298,8221,7337
7299,8154,4698
7300,8073,2380
7301,8156,1200
7302,8111,820
7303,8125,1693
7304,8135,3682
7305,8231,6187
7306,8360,9225
7307,8334,11930
7308,8381,14227
7309,8326,15458
7310,8428,15676
7311,8401,14728
7312,8409,13072
7313,8292,10389
7314,8189,7385
7315,8203,4467
7316,8131,2550
7317,8062,1081
7318,8089,870
7319,8190,1660
7320,8149,3674
7321,8301,6193
7322,8338,9238
7323,8338,11706
7324,8334,14162
7325,8374,15505
7326,8443,15703
7327,8443,14818
7328,8358,13040
7329,8291,10375
7330,8279,7532
7331,8101,4628
7332,8043,2422
7333,8092,1187
7334,8186,883
7335,8182,1773
7336,8176,3547
7337,8237,6256
7338,8289,9104
7339,8309,11867
7340,8304,14183
7341,8379,15572
7342,8431,15682
7343,8497,14828
7344,8414,13126
7345,8241,10192
7346,8193,7553
7347,8145,4739
7348,8191,2501
7349,8088,1142
7350,8144,879
7351,8124,1801
7352,8222,3600
7353,8201,6159
7354,8283,9088
7355,8324,11739
7356,8411,14176
7357,8426,15493
7358,8445,15699
7359,8430,14804
7360,8318,13114
7361,8286,10359
7362,8182,7440
7363,8176,4576
7364,8030,2429
7365,8173,1140
7366,8130,857
7367,8152,1595
7368,8170,3783
7369,8209,6253
7370,8274,9068
7371,8374,11942
7372,8445,14259
7373,8373,15395
7374,8369,15770
7375,8363,14763
7376,8384,13199
7377,8285,10436
7378,8254,7405
7379,8164,4464
7380,8140,2558
7381,8189,1167
7382,8115,865
7383,8020,1812
7384,8115,3597
7385,8268,6334
7386,8338,9104
7387,8365,11930
7388,8390,14093
7389,8431,15596
7390,8409,15721
7391,8446,14917
7392,8309,13041
7393,8296,10375
7394,8201,7430
7395,8147,4680
7396,8103,2384
7397,8132,1084
7398,8103,885
7399,8204,1670
7400,8233,3680
7401,8206,6197
7402,8300,9087
7403,8330,11870
7404,8343,14170
7405,8406,15495
7406,8392,15710
7407,8393,14790
7408,8383,13022
7409,8322,10339
7410,8175,7386
7411,8173,4673
7412,8152,2514
7413,8164,1182
7414,8088,785
7415,8148,1603
7416,8166,3712
7417,8277,6239
7418,8225,9083
7419,8348,11995
7420,8385,14094
7421,8458,15436
7422,8435,15805
7423,8289,14685
7424,8356,13086
7425,8254,10438
7426,8348,7509
7427,8291,4623
7428,8153,2294
7429,8150,1012
7430,8063,919
7431,7996,1693
7432,8133,3675
7433,8274,6306
7434,8317,9151
7435,8365,12080
7436,8376,14292
7437,8476,15456
7438,8517,15831
7439,8395,14936
7440,8283,12904
7441,8240,10341
7442,8153,7522
7443,8134,4775
7444,8140,2396
7445,8222,1107
7446,8111,746
7447,8126,1718
7448,8129,3659
7449,8242,6294
7450,8254,9134
7451,8314,11790
7452,8433,14291
7453,8399,15484
7454,8451,15755
7455,8329,14910
7456,8376,13066
7457,8285,10331
7458,8220,7421
7459,8240,4538
7460,8151,2503
7461,8100,1109
7462,8024,915
7463,8084,1842
7464,8177,3724
7465,8272,6312
7466,8404,9316
7467,8485,11845
7468,8409,14142
7469,8409,15502
7470,8256,15759
7471,8330,14864
7472,8371,13014
7473,8410,10331
7474,8282,7477
7475,8195,4651
7476,8146,2587
7477,8124,1198
7478,7999,833
7479,8079,1642
7480,8142,3620
7481,8344,6395
7482,8321,9086
7483,8375,11983
7484,8368,14199
7485,8459,15531
7486,8377,15765
7487,8284,14765
7488,8330,12965
7489,8265,10328
7490,8257,7604
7491,8270,4724
7492,8156,2496
7493,8161,1105
7494,8123,970
7495,8106,1707
7496,8117,3772
7497,8170,6055
7498,8247,9150
7499,8404,12065
7500,8473,14238
7501,8514,15474
7502,8405,15765
7503,8460,14946
7504,8286,12902
7505,8260,10318
7506,8165,7522
7507,8211,4533
7508,8094,2275
7509,8187,1063
7510,8090,832
7511,8136,1751
7512,8153,3729
7513,8218,6265
7514,8280,9101
7515,8377,11966
7516,8432,14262
7517,8478,15563
7518,8380,15735
7519,8308,14713
7520,8340,13091
7521,8261,10265
7522,8236,7640
7523,8181,4728
7524,8190,2474
7525,8130,1083
7526,8110,976
7527,8124,1792
7528,8142,3755
7529,8188,6393
7530,8235,9206
7531,8427,12022
7532,8473,14257
7533,8373,15459
7534,8448,15778
7535,8335,14755
7536,8305,12924
7537,8224,10363
7538,8181,7416
7539,8140,4590
7540,8245,2726
7541,8163,1174
7542,8082,729
7543,8120,1663
7544,8139,3691
7545,8273,6280
7546,8254,9203
7547,8390,11974
7548,8433,14110
7549,8452,15494
7550,8509,15781
7551,8365,14834
7552,8334,13137
7553,8267,10485
7554,8152,7411
7555,8239,4727
7556,8083,2339
7557,8174,1117
7558,8104,831
7559,8137,1845
7560,8138,3585
7561,8213,6285
7562,8239,9218
7563,8398,11954
7564,8413,14179
7565,8416,15529
7566,8389,15721
7567,8269,14771
7568,8317,12962
7569,8286,10584
7570,8209,7423
7571,8235,4628
7572,8177,2437
7573,8138,1093
7574,8054,881
7575,8134,1667
7576,8149,3715
7577,8296,6250
7578,8316,9225
7579,8474,11822
7580,8339,14078
7581,8404,15596
7582,8258,15685
7583,8344,14809
7584,8281,12896
7585,8301,10390
7586,8280,7464
7587,8306,4646
7588,8209,2463
7589,8112,1174
7590,8047,863
7591,8080,1777
7592,8106,3588
7593,8207,6214
7594,8316,9222
7595,8415,11898
7596,8524,14198
7597,8416,15498
7598,8384,15748
7599,8369,14808
7600,8303,12995
7601,8235,10295
7602,8317,7628
7603,8281,4739
7604,8190,2491
7605,8078,1067
7606,8117,815
7607,8114,1646
7608,8170,3699
7609,8240,6186
7610,8310,9082
7611,8473,11911
7612,8418,14154
7613,8406,15453
7614,8376,15785
7615,8349,14787
7616,8362,13069
7617,8329,10316
7618,8295,7549
7619,8184,4589
7620,8077,2503
7621,8060,1139
7622,8105,875
7623,8102,1796
7624,8182,3667
7625,8199,6233
7626,8323,9281
7627,8362,11804
7628,8446,14145
7629,8391,15573
7630,8323,15657
7631,8377,14809
7632,8343,12923
7633,8296,10513
7634,8171,7470
7635,8216,4675
7636,8178,2415
7637,8087,1100
7638,8090,782
7639,8163,1766
7640,8162,3786
7641,8198,6175
7642,8298,9185
7643,8412,11937
7644,8473,14284
7645,8467,15632
7646,8396,15674
7647,8417,14741
7648,8346,13109
7649,8182,10324
7650,8196,7473
7651,8222,4534
7652,8286,2509
7653,8165,1090
7654,8088,754
7655,8065,1731
7656,8147,3631
7657,8209,6318
7658,8260,9080
7659,8433,12068
7660,8462,14193
7661,8463,15635
7662,8356,15585
7663,8360,14814
7664,8340,13087
7665,8224,10303
7666,8285,7535
7667,8201,4594
7668,8178,2438
7669,8081,1187
7670,7995,809
7671,8127,1680
7672,8137,3651
7673,8269,6370
7674,8261,9107
7675,8409,12031
7676,8412,14181
7677,8432,15588
7678,8425,15692
7679,8389,14798
7680,8331,13014
7681,8218,10325
7682,8186,7479
7683,8136,4766
7684,8238,2492
7685,8228,1160
7686,8185,853
7687,8125,1475
7688,8097,3686
7689,8207,6373
7690,8315,9182
7691,8380,11902
7692,8399,14193
7693,8455,15546
7694,8472,15777
7695,8438,14849
7696,8275,12969
7697,8202,10348
7698,8236,7505
7699,8233,4653
7700,8147,2532
7701,8082,1206
7702,8123,931
7703,8223,1662
7704,8148,3582
7705,8194,6282
7706,8201,9212
7707,8329,11864
7708,8391,14256
7709,8483,15381
7710,8454,15897
7711,8474,14858
7712,8340,12971
7713,8222,10199
7714,8156,7617
7715,8097,4564
7716,8115,2544
7717,8096,1147
7718,8149,967
7719,8239,1854
7720,8308,3656
7721,8380,6363
7722,8284,9083
7723,8292,11718
7724,8162,14138
7725,8224,15465
7726,8264,15719
7727,8402,14809
7728,8490,13058
7729,8523,10474
7730,8419,7586
7731,8237,4495
7732,8080,2504
7733,7974,1164
7734,7983,921
7735,8070,1799
7736,8198,3772
7737,8312,6227
7738,8382,9153
7739,8460,11860
7740,8443,14225
7741,8422,15426
7742,8362,15781
7743,8262,14659
7744,8332,13097
7745,8352,10427
7746,8270,7447
7747,8283,4505
7748,8132,2401
7749,8064,1042
7750,8027,913
7751,8025,1699
7752,8121,3635
7753,8204,6327
7754,8363,9069
7755,8408,11880
7756,8400,14239
7757,8391,15462
7758,8365,15648
7759,8386,14926
7760,8322,12946
7761,8263,10338
7762,8224,7483
7763,8200,4585
7764,8074,2489
7765,8092,1171
7766,8094,908
7767,8121,1736
7768,8144,3686
7769,8242,6322
7770,8307,9153
7771,8349,11864
7772,8435,14234
7773,8371,15598
7774,8445,15678
7775,8436,14865
7776,8347,12968
7777,8343,10281
7778,8304,7557
7779,8147,4552
7780,8084,2435
7781,8134,1158
7782,8103,922
7783,8117,1626
7784,8204,3769
7785,8284,6491
7786,8363,9026
7787,8459,12017
7788,8361,14159
7789,8315,15324
7790,8415,15830
7791,8299,14820
7792,8341,12981
7793,8341,10376
7794,8248,7411
7795,8136,4755
7796,8100,2452
7797,8107,1150
7798,8095,831
7799,8125,1769
7800,8145,3577
7801,8291,6341
7802,8310,9157
7803,8377,12002
7804,8325,14116
7805,8335,15553
7806,8398,15762
7807,8436,14859
7808,8376,13125
7809,8337,10376
7810,8274,7449
7811,8209,4674
7812,8133,2576
7813,8008,1070
7814,8059,909
7815,8111,1912
7816,8221,3637
7817,8320,6305
7818,8386,9201
7819,8397,11861
7820,8277,14077
7821,8360,15490
7822,8373,15627
7823,8441,14948
7824,8389,13081
7825,8345,10258
7826,8200,7393
7827,8178,4749
7828,8013,2377
7829,8111,1088
7830,8186,914
7831,8151,1760
7832,8253,3662
7833,8192,6230
7834,8287,9167
7835,8293,11993
7836,8354,14210
7837,8381,15669
7838,8407,15561
7839,8467,14901
7840,8326,12819
7841,8335,10342
7842,8178,7555
7843,8046,4689
7844,8038,2392
7845,8119,1107
7846,8193,921
7847,8148,1777
7848,8159,3768
7849,8235,6264
7850,8250,9190
7851,8302,11902
7852,8426,14340
7853,8424,15445
7854,8480,15745
7855,8438,14715
7856,8371,13153
7857,8272,10411
7858,8184,7352
7859,8134,4674
7860,8152,2606
7861,8081,991
7862,8138,912
7863,8184,1632
7864,8242,3774
7865,8305,6131
7866,8293,9085
7867,8255,11971
7868,8367,14305
7869,8358,15393
7870,8380,15725
7871,8357,14894
7872,8456,12876
7873,8288,10262
7874,8283,7513
7875,8148,4570
7876,8025,2388
7877,8042,1127
7878,8102,843
7879,8124,1756
7880,8149,3674
7881,8264,6275
7882,8290,9224
7883,8388,11900
7884,8425,14168
7885,8368,15475
7886,8367,15670
7887,8414,14952
7888,8401,13002
7889,8327,10295
7890,8203,7364
7891,8088,4459
7892,8128,2471
7893,8125,1050
7894,8132,899
7895,8199,1647
7896,8227,3714
7897,8217,6058
7898,8265,9193
7899,8261,11940
7900,8456,14398
7901,8406,15541
7902,8454,15719
7903,8379,14877
7904,8435,13033
7905,8309,10251
7906,8234,7361
7907,8078,4666
7908,8128,2453
7909,8083,1065
7910,8118,931
7911,8118,1666
7912,8308,3758
7913,8299,6238
7914,8275,9093
7915,8241,11921
7916,8352,14337
7917,8354,15576
7918,8412,15713
7919,8440,14778
7920,8433,12994
7921,8353,10350
7922,8238,7367
7923,8122,4717
7924,8038,2415
7925,8025,1164
7926,8073,935
7927,8215,1611
7928,8254,3692
7929,8273,6216
7930,8284,9134
7931,8289,11977
7932,8412,14272
7933,8353,15397
7934,8336,15702
7935,8392,14877
7936,8413,13176
7937,8384,10422
7938,8218,7474
7939,8175,4695
7940,8085,2444
7941,8137,1149
7942,8041,881
7943,8146,1672
7944,8138,3591
7945,8282,6359
7946,8300,9159
7947,8425,11872
7948,8429,14207
7949,8360,15430
7950,8372,15774
7951,8363,14725
7952,8364,13090
7953,8311,10325
7954,8265,7369
7955,8208,4602
7956,8081,2400
7957,8132,1225
7958,8057,782
7959,8089,1763
7960,8214,3725
7961,8218,6254
7962,8297,9265
7963,8374,11981
7964,8370,14158
7965,8367,15468
7966,8395,15827
7967,8363,14771
7968,8379,12911
7969,8298,10466
7970,8203,7527
7971,8182,4620
7972,8208,2515
7973,8094,1074
7974,8017,771
7975,8127,1839
7976,8143,3699
7977,8186,6184
7978,8244,9169
7979,8373,11986
7980,8425,14094
7981,8448,15558
7982,8460,15675
7983,8319,14866
7984,8325,12993
7985,8219,10324
7986,8214,7409
7987,8228,4725
7988,8181,2362
7989,8049,1075
7990,8102,997
7991,8054,1679
7992,8160,3595
7993,8264,6308
7994,8300,9220
7995,8362,11903
7996,8508,14325
7997,8364,15501
7998,8368,15722
7999,8374,14838
8000,8328,12928
8001,8226,10297
8002,8174,7548
8003,8187,4610
8004,8120,2410
8005,8171,1180
8006,8185,990
8007,8141,1597
8008,8173,3690
8009,8084,6194
8010,8217,9235
8011,8383,12118
8012,8438,14119
8013,8505,15425
8014,8470,15726
8015,8383,14798
8016,8243,12833
8017,8237,10460
8018,8218,7517
8019,8207,4671
8020,8210,2511
8021,8165,1122
8022,8106,770
8023,8145,1817
8024,8116,3525
8025,8222,6351
8026,8230,9158
8027,8418,12151
8028,8430,14288
8029,8413,15599
8030,8395,15746
8031,8396,14829
8032,8393,13060
8033,8277,10319
8034,8207,7575
8035,8081,4471
8036,8146,2542
8037,8111,1050
8038,8121,962
8039,8078,1505
8040,8238,3807
8041,8178,6155
8042,8310,9267
8043,8358,12080
8044,8399,14263
8045,8473,15481
8046,8389,15750
8047,8340,14674
8048,8323,12948
8049,8325,10494
8050,8283,7434
8051,8172,4409
8052,8101,2539
8053,8015,1051
8054,8098,953
8055,8128,1747
8056,8121,3565
8057,8248,6190
8058,8282,9234
8059,8386,11837
8060,8438,14255
8061,8397,15515
8062,8308,15676
8063,8383,14762
8064,8358,12973
8065,8386,10348
8066,8259,7511
8067,8217,4603
8068,8055,2424
8069,8059,1122
8070,8125,889
8071,8137,1709
8072,8187,3661
8073,8209,6273
8074,8246,9118
8075,8374,11920
8076,8425,14221
8077,8477,15593
8078,8411,15649
8079,8373,14801
8080,8329,13124
8081,8274,10406
8082,8216,7497
8083,8164,4477
8084,8138,2386
8085,8089,1178
8086,8111,916
8087,8105,1641
8088,8106,3585
8089,8232,6250
8090,8366,9129
8091,8348,12003
8092,8439,14293
8093,8361,15395
8094,8426,15779
8095,8367,14806
8096,8358,13058
8097,8252,10214
8098,8207,7493
8099,8201,4473
8100,8190,2649
8101,8134,1123
8102,8107,835
8103,8055,1760
8104,8120,3730
8105,8227,6192
8106,8262,9085
8107,8412,11886
8108,8438,14255
8109,8399,15485
8110,8366,15707
8111,8412,14804
8112,8414,13089
8113,8258,10332
8114,8164,7466
8115,8231,4588
8116,8166,2495
8117,8106,1226
8118,8082,871
8119,8153,1722
8120,8168,3678
8121,8226,6323
8122,8246,9068
8123,8356,11886
8124,8341,14099
8125,8415,15589
8126,8463,15676
8127,8441,14832
8128,8277,12912
8129,8277,10338
8130,8209,7365
8131,8197,4601
8132,8129,2473
8133,8078,1175
8134,8113,851
8135,8126,1705
8136,8183,3680
8137,8248,6307
8138,8306,9197
8139,8376,11780
8140,8289,14150
8141,8374,15540
8142,8434,15807
8143,8474,14827
8144,8412,13057
8145,8294,10256
8146,8274,7418
8147,8123,4541
8148,8047,2428
8149,8029,1165
8150,8118,878
8151,8204,1724
8152,8175,3638
8153,8257,6379
8154,8317,9078
8155,8334,11923
8156,8422,14179
8157,8434,15622
8158,8426,15708
8159,8434,14704
8160,8295,12971
8161,8310,10509
8162,8182,7503
8163,8122,4544
8164,8123,2497
8165,8104,1106
8166,8157,930
8167,8134,1653
8168,8147,3650
8169,8243,6350
8170,8274,9213
8171,8401,11872
8172,8347,14132
8173,8465,15411
8174,8344,15602
8175,8364,14798
8176,8352,13145
8177,8285,10316
8178,8253,7441
8179,8196,4530
8180,8159,2582
8181,8148,1258
8182,8081,813
8183,8061,1668
8184,8150,3771
8185,8294,6364
8186,8338,9235
8187,8423,11969
8188,8392,14243
8189,8381,15544
8190,8419,15710
8191,8439,14857
